0	Sap_SHI31724-RA
10	Sap_SHI06998-RA
100	Sap_SHI33593-RA
100	Sap_SHI33590-RA
1000	Sap_SHI01119-RA
1001	Sap_SHI24235-RA
1001	Sap_SHI31125-RA
1002	Sap_SHI24556-RA
1003	Sap_SHI09632-RA
1004	Sap_SHI18538-RA
1005	Sap_SHI10546-RA
1007	Sap_SHI32668-RA
1009	Sap_SHI30653-RA
101	Sap_SHI11828-RA
1010	Sap_SHI10397-RA
1011	Sap_SHI04918-RA
1012	Sap_SHI13352-RA
1013	Sap_SHI30527-RA
1014	Sap_SHI09048-RA
1015	Sap_SHI09760-RA
1015	Sap_SHI09762-RA
1016	Sap_SHI12830-RA
1017	Sap_SHI21767-RA
1019	Sap_SHI14627-RA
102	Sap_SHI47893-RA
1020	Sap_SHI04492-RA
1021	Sap_SHI07387-RA
1023	Sap_SHI01025-RA
1024	Sap_SHI22933-RA
1025	Sap_SHI00669-RA
1026	Sap_SHI21188-RA
1027	Sap_SHI30645-RA
1028	Sap_SHI00869-RA
1029	Sap_SHI50669-RA
1031	Sap_SHI07133-RA
1032	Sap_SHI12676-RA
1032	Sap_SHI12678-RA
1032	Sap_SHI12675-RA
1033	Sap_SHI17273-RA
1033	Sap_SHI17272-RA
1034	Sap_SHI11342-RA
1035	Sap_SHI07124-RA
1036	Sap_SHI08312-RA
1037	Sap_SHI21309-RA
1038	Sap_SHI04999-RA
1039	Sap_SHI03954-RA
104	Sap_SHI11435-RA
1040	Sap_SHI22634-RA
1041	Sap_SHI53450-RA
1041	Sap_SHI09332-RA
1042	Sap_SHI00590-RA
1043	Sap_SHI20450-RA
1044	Sap_SHI28631-RA
1044	Sap_SHI33964-RA
1049	Sap_SHI08950-RA
105	Sap_SHI23777-RA
105	Sap_SHI23773-RA
1051	Sap_SHI13608-RA
1052	Sap_SHI07993-RA
1053	Sap_SHI22503-RA
1057	Sap_SHI10889-RA
1057	Sap_SHI10891-RA
1058	Sap_SHI13638-RA
106	Sap_SHI03893-RA
1060	Sap_SHI31153-RA
1061	Sap_SHI31153-RA
1062	Sap_SHI05859-RA
1063	Sap_SHI33378-RA
1065	Sap_SHI06640-RA
1069	Sap_SHI08075-RA
1070	Sap_SHI01708-RA
1071	Sap_SHI31901-RA
1072	Sap_SHI18668-RA
1073	Sap_SHI05935-RA
1076	Sap_SHI37432-RA
1077	Sap_SHI13286-RA
1078	Sap_SHI05447-RA
1079	Sap_SHI24483-RA
1080	Sap_SHI23799-RA
1081	Sap_SHI11756-RA
1082	Sap_SHI02853-RA
1083	Sap_SHI27954-RA
1085	Sap_SHI31380-RA
1085	Sap_SHI31377-RA
1086	Sap_SHI33379-RA
1087	Sap_SHI24867-RA
1089	Sap_SHI12393-RA
1090	Sap_SHI06160-RA
1092	Sap_SHI12609-RA
1096	Sap_SHI11462-RA
1096	Sap_SHI30977-RA
1096	Sap_SHI33253-RA
1096	Sap_SHI33332-RA
1096	Sap_SHI49793-RA
1096	Sap_SHI11463-RA
1097	Sap_SHI00826-RA
1098	Sap_SHI11775-RA
1098	Sap_SHI11780-RA
1099	Sap_SHI01272-RA
1100	Sap_SHI02132-RA
1101	Sap_SHI02816-RA
1103	Sap_SHI12121-RA
1104	Sap_SHI25863-RA
1105	Sap_SHI08062-RA
1107	Sap_SHI25883-RA
1108	Sap_SHI13471-RA
1109	Sap_SHI21163-RA
1109	Sap_SHI21160-RA
1110	Sap_SHI20752-RA
1110	Sap_SHI49900-RA
1111	Sap_SHI04053-RA
1111	Sap_SHI04054-RA
1112	Sap_SHI07997-RA
1113	Sap_SHI16340-RA
1114	Sap_SHI11691-RA
1115	Sap_SHI18941-RA
1115	Sap_SHI18940-RA
1115	Sap_SHI18942-RA
1116	Sap_SHI07089-RA
1117	Sap_SHI12627-RA
1118	Sap_SHI08659-RA
1119	Sap_SHI12483-RA
1120	Sap_SHI29406-RA
1121	Sap_SHI07615-RA
1122	Sap_SHI08566-RA
1123	Sap_SHI20668-RA
1124	Sap_SHI30467-RA
1125	Sap_SHI31900-RA
1126	Sap_SHI16322-RA
1127	Sap_SHI31092-RA
1128	Sap_SHI31386-RA
1128	Sap_SHI33526-RA
1129	Sap_SHI09489-RA
1129	Sap_SHI09501-RA
1129	Sap_SHI09520-RA
1129	Sap_SHI09525-RA
113	Sap_SHI15302-RA
1132	Sap_SHI26036-RA
1133	Sap_SHI08448-RA
1134	Sap_SHI30078-RA
1136	Sap_SHI05271-RA
1137	Sap_SHI22502-RA
1139	Sap_SHI21178-RA
114	Sap_SHI21205-RA
1141	Sap_SHI09368-RA
1141	Sap_SHI09369-RA
1142	Sap_SHI08457-RA
1144	Sap_SHI20711-RA
1145	Sap_SHI19527-RA
1146	Sap_SHI08844-RA
1147	Sap_SHI13736-RA
1148	Sap_SHI00274-RA
115	Sap_SHI02700-RA
115	Sap_SHI02703-RA
115	Sap_SHI02699-RA
1150	Sap_SHI39591-RA
1150	Sap_SHI25223-RA
1151	Sap_SHI03891-RA
1155	Sap_SHI05412-RA
1155	Sap_SHI29222-RA
1155	Sap_SHI29225-RA
1159	Sap_SHI21130-RA
116	Sap_SHI11249-RA
1160	Sap_SHI02350-RA
1162	Sap_SHI19077-RA
1163	Sap_SHI04009-RA
1164	Sap_SHI18309-RA
1164	Sap_SHI18307-RA
1165	Sap_SHI29796-RA
1167	Sap_SHI01135-RA
1168	Sap_SHI03217-RA
1169	Sap_SHI16719-RA
117	Sap_SHI29474-RA
1170	Sap_SHI07965-RA
1170	Sap_SHI07966-RA
1171	Sap_SHI10565-RA
1172	Sap_SHI20449-RA
1173	Sap_SHI08831-RA
1174	Sap_SHI03071-RA
1174	Sap_SHI54180-RA
1175	Sap_SHI04038-RA
1176	Sap_SHI13391-RA
1176	Sap_SHI13389-RA
1177	Sap_SHI42435-RA
1179	Sap_SHI19206-RA
118	Sap_SHI24965-RA
1181	Sap_SHI19136-RA
1182	Sap_SHI04117-RA
1182	Sap_SHI04123-RA
1183	Sap_SHI31299-RA
1183	Sap_SHI31298-RA
1183	Sap_SHI31294-RA
1183	Sap_SHI31296-RA
1183	Sap_SHI31300-RA
1183	Sap_SHI31301-RA
1184	Sap_SHI21262-RA
1185	Sap_SHI02135-RA
1186	Sap_SHI13981-RA
1186	Sap_SHI13982-RA
1187	Sap_SHI05744-RA
1192	Sap_SHI20590-RA
1196	Sap_SHI18003-RA
1198	Sap_SHI11255-RA
1199	Sap_SHI19022-RA
12	Sap_SHI13547-RA
120	Sap_SHI02629-RA
1200	Sap_SHI09778-RA
1200	Sap_SHI09775-RA
1201	Sap_SHI18014-RA
1202	Sap_SHI07736-RA
1203	Sap_SHI32381-RA
1204	Sap_SHI09970-RA
1207	Sap_SHI23842-RA
1208	Sap_SHI24848-RA
1209	Sap_SHI04185-RA
121	Sap_SHI09311-RA
121	Sap_SHI09312-RA
1210	Sap_SHI15002-RA
1211	Sap_SHI18994-RA
1213	Sap_SHI12093-RA
1216	Sap_SHI11162-RA
1216	Sap_SHI11161-RA
1217	Sap_SHI08683-RA
1218	Sap_SHI13341-RA
1218	Sap_SHI13342-RA
1219	Sap_SHI14216-RA
1221	Sap_SHI00299-RA
1224	Sap_SHI27088-RA
1225	Sap_SHI14560-RA
1228	Sap_SHI32765-RA
123	Sap_SHI30679-RA
1231	Sap_SHI08197-RA
1233	Sap_SHI11499-RA
1234	Sap_SHI21105-RA
1235	Sap_SHI07074-RA
1236	Sap_SHI18967-RA
1237	Sap_SHI26351-RA
1238	Sap_SHI09253-RA
124	Sap_SHI25452-RA
124	Sap_SHI26839-RA
1240	Sap_SHI15480-RA
1241	Sap_SHI21181-RA
1242	Sap_SHI31882-RA
1243	Sap_SHI02298-RA
1244	Sap_SHI25601-RA
1245	Sap_SHI54759-RA
1245	Sap_SHI54992-RA
1246	Sap_SHI23370-RA
1247	Sap_SHI12270-RA
1247	Sap_SHI12261-RA
1247	Sap_SHI12262-RA
1247	Sap_SHI12264-RA
1248	Sap_SHI49197-RA
1249	Sap_SHI18199-RA
125	Sap_SHI12602-RA
1250	Sap_SHI24823-RA
1251	Sap_SHI22344-RA
1252	Sap_SHI28288-RA
1252	Sap_SHI28286-RA
1252	Sap_SHI28287-RA
1255	Sap_SHI11209-RA
1258	Sap_SHI32485-RA
1259	Sap_SHI06033-RA
126	Sap_SHI30090-RA
1260	Sap_SHI12970-RA
1261	Sap_SHI30106-RA
1262	Sap_SHI29874-RA
1263	Sap_SHI01195-RA
1265	Sap_SHI27849-RA
1266	Sap_SHI30102-RA
1267	Sap_SHI07056-RA
1269	Sap_SHI05781-RA
1270	Sap_SHI24098-RA
1271	Sap_SHI00769-RA
1272	Sap_SHI07352-RA
1274	Sap_SHI28634-RA
1274	Sap_SHI28633-RA
1275	Sap_SHI09383-RA
1275	Sap_SHI09633-RA
1275	Sap_SHI09639-RA
1276	Sap_SHI26414-RA
1277	Sap_SHI10164-RA
1279	Sap_SHI04849-RA
128	Sap_SHI26653-RA
128	Sap_SHI26654-RA
1280	Sap_SHI04216-RA
1281	Sap_SHI18324-RA
1283	Sap_SHI15277-RA
1283	Sap_SHI15273-RA
1283	Sap_SHI15279-RA
1285	Sap_SHI28186-RA
1286	Sap_SHI00060-RA
1287	Sap_SHI09972-RA
1288	Sap_SHI07095-RA
1289	Sap_SHI12722-RA
1289	Sap_SHI12721-RA
129	Sap_SHI13586-RA
1290	Sap_SHI21140-RA
1291	Sap_SHI03531-RA
1293	Sap_SHI24020-RA
1294	Sap_SHI09404-RA
1295	Sap_SHI21307-RA
1296	Sap_SHI28252-RA
1297	Sap_SHI00741-RA
13	Sap_SHI05687-RA
130	Sap_SHI00147-RA
1300	Sap_SHI31089-RA
1301	Sap_SHI08011-RA
1302	Sap_SHI07491-RA
1302	Sap_SHI07493-RA
1302	Sap_SHI07496-RA
1304	Sap_SHI45061-RA
1308	Sap_SHI10879-RA
131	Sap_SHI40067-RA
131	Sap_SHI40097-RA
131	Sap_SHI20145-RA
1310	Sap_SHI00452-RA
1310	Sap_SHI01765-RA
1310	Sap_SHI31594-RA
1310	Sap_SHI36601-RA
1310	Sap_SHI15242-RA
1310	Sap_SHI22414-RA
1310	Sap_SHI22413-RA
1310	Sap_SHI37073-RA
1310	Sap_SHI43343-RA
1310	Sap_SHI15429-RA
1310	Sap_SHI15023-RA
1310	Sap_SHI15430-RA
1310	Sap_SHI32253-RA
1310	Sap_SHI36599-RA
1310	Sap_SHI32255-RA
1310	Sap_SHI47506-RA
1312	Sap_SHI30573-RA
1312	Sap_SHI30570-RA
1312	Sap_SHI47266-RA
1313	Sap_SHI05484-RA
1313	Sap_SHI05474-RA
1314	Sap_SHI20932-RA
1314	Sap_SHI20937-RA
1316	Sap_SHI01742-RA
1316	Sap_SHI01741-RA
1318	Sap_SHI21555-RA
1321	Sap_SHI05548-RA
1323	Sap_SHI23866-RA
1323	Sap_SHI23862-RA
1324	Sap_SHI25359-RA
1325	Sap_SHI20092-RA
1326	Sap_SHI17923-RA
1327	Sap_SHI18278-RA
1328	Sap_SHI11501-RA
1329	Sap_SHI12444-RA
1330	Sap_SHI11191-RA
1331	Sap_SHI12639-RA
1333	Sap_SHI01633-RA
1337	Sap_SHI02869-RA
1340	Sap_SHI19067-RA
1341	Sap_SHI29473-RA
1342	Sap_SHI31110-RA
1343	Sap_SHI06126-RA
1344	Sap_SHI21576-RA
1345	Sap_SHI30547-RA
1349	Sap_SHI06573-RA
1349	Sap_SHI06574-RA
1349	Sap_SHI07660-RA
135	Sap_SHI06641-RA
1350	Sap_SHI18989-RA
1351	Sap_SHI07940-RA
1351	Sap_SHI07937-RA
1351	Sap_SHI07938-RA
1352	Sap_SHI17045-RA
1353	Sap_SHI00127-RA
1354	Sap_SHI18061-RA
1357	Sap_SHI00084-RA
1358	Sap_SHI12817-RA
1360	Sap_SHI43202-RA
1361	Sap_SHI06541-RA
1363	Sap_SHI10104-RA
1365	Sap_SHI02837-RA
1366	Sap_SHI23832-RA
1366	Sap_SHI40524-RA
1367	Sap_SHI00666-RA
1368	Sap_SHI00566-RA
1368	Sap_SHI00565-RA
1369	Sap_SHI06459-RA
1371	Sap_SHI11001-RA
1373	Sap_SHI16032-RA
1374	Sap_SHI15454-RA
1375	Sap_SHI02861-RA
1376	Sap_SHI10149-RA
1377	Sap_SHI31429-RA
1378	Sap_SHI18737-RA
1379	Sap_SHI50556-RA
138	Sap_SHI18877-RA
138	Sap_SHI28020-RA
138	Sap_SHI28023-RA
138	Sap_SHI27891-RA
138	Sap_SHI27902-RA
138	Sap_SHI28022-RA
138	Sap_SHI27994-RA
138	Sap_SHI28037-RA
1380	Sap_SHI04675-RA
1380	Sap_SHI04677-RA
1381	Sap_SHI17086-RA
1381	Sap_SHI38067-RA
1382	Sap_SHI15153-RA
1384	Sap_SHI10508-RA
1385	Sap_SHI03347-RA
1386	Sap_SHI05723-RA
1386	Sap_SHI05704-RA
1386	Sap_SHI05705-RA
1386	Sap_SHI05707-RA
1388	Sap_SHI17740-RA
1389	Sap_SHI10481-RA
139	Sap_SHI07527-RA
1390	Sap_SHI04314-RA
1391	Sap_SHI24520-RA
1392	Sap_SHI35741-RA
1393	Sap_SHI31865-RA
1393	Sap_SHI31863-RA
1393	Sap_SHI31864-RA
1394	Sap_SHI11668-RA
1394	Sap_SHI11670-RA
1395	Sap_SHI13020-RA
1397	Sap_SHI10169-RA
1397	Sap_SHI10170-RA
1398	Sap_SHI26569-RA
1399	Sap_SHI20006-RA
14	Sap_SHI09859-RA
1400	Sap_SHI09019-RA
1401	Sap_SHI26544-RA
1401	Sap_SHI26554-RA
1401	Sap_SHI22211-RA
1401	Sap_SHI48138-RA
1402	Sap_SHI11174-RA
1403	Sap_SHI00272-RA
1404	Sap_SHI28875-RA
1406	Sap_SHI08576-RA
1407	Sap_SHI06754-RA
1408	Sap_SHI02446-RA
1408	Sap_SHI02445-RA
1409	Sap_SHI14064-RA
1410	Sap_SHI02573-RA
1410	Sap_SHI29591-RA
1411	Sap_SHI13722-RA
1412	Sap_SHI10577-RA
1412	Sap_SHI51501-RA
1415	Sap_SHI24015-RA
1416	Sap_SHI27031-RA
1417	Sap_SHI21120-RA
1418	Sap_SHI08745-RA
1419	Sap_SHI34525-RA
1420	Sap_SHI30162-RA
1421	Sap_SHI07205-RA
1422	Sap_SHI18962-RA
1424	Sap_SHI02582-RA
1425	Sap_SHI18622-RA
1426	Sap_SHI02909-RA
1427	Sap_SHI02828-RA
1429	Sap_SHI13216-RA
143	Sap_SHI20292-RA
1430	Sap_SHI00380-RA
1431	Sap_SHI07945-RA
1432	Sap_SHI48774-RA
1433	Sap_SHI12325-RA
1436	Sap_SHI25243-RA
1438	Sap_SHI17948-RA
1440	Sap_SHI23570-RA
1442	Sap_SHI20462-RA
1442	Sap_SHI30500-RA
1442	Sap_SHI29323-RA
1442	Sap_SHI39231-RA
1442	Sap_SHI23906-RA
1442	Sap_SHI23907-RA
1442	Sap_SHI29326-RA
1442	Sap_SHI30994-RA
1442	Sap_SHI29329-RA
1442	Sap_SHI27567-RA
1443	Sap_SHI00110-RA
1444	Sap_SHI05150-RA
1445	Sap_SHI08112-RA
1447	Sap_SHI10528-RA
1448	Sap_SHI22569-RA
145	Sap_SHI15285-RA
1450	Sap_SHI34070-RA
1451	Sap_SHI22717-RA
1452	Sap_SHI30171-RA
1453	Sap_SHI00410-RA
1453	Sap_SHI00411-RA
1454	Sap_SHI42436-RA
1455	Sap_SHI33812-RA
1456	Sap_SHI23868-RA
1459	Sap_SHI16918-RA
1459	Sap_SHI16914-RA
1459	Sap_SHI16912-RA
146	Sap_SHI30128-RA
1460	Sap_SHI13622-RA
1460	Sap_SHI13621-RA
1461	Sap_SHI18197-RA
1463	Sap_SHI32844-RA
1463	Sap_SHI53821-RA
1464	Sap_SHI18297-RA
1465	Sap_SHI08133-RA
1466	Sap_SHI19225-RA
1467	Sap_SHI18647-RA
1468	Sap_SHI02871-RA
1470	Sap_SHI18042-RA
1471	Sap_SHI31491-RA
1471	Sap_SHI31497-RA
1471	Sap_SHI31495-RA
1471	Sap_SHI31498-RA
1472	Sap_SHI00106-RA
1472	Sap_SHI00105-RA
1472	Sap_SHI00104-RA
1474	Sap_SHI25250-RA
1476	Sap_SHI05258-RA
1478	Sap_SHI04319-RA
1479	Sap_SHI25904-RA
148	Sap_SHI28188-RA
1480	Sap_SHI08043-RA
1480	Sap_SHI30908-RA
1481	Sap_SHI09005-RA
1484	Sap_SHI13285-RA
1485	Sap_SHI02617-RA
1486	Sap_SHI16014-RA
1487	Sap_SHI21330-RA
1488	Sap_SHI19142-RA
1490	Sap_SHI02007-RA
1491	Sap_SHI19166-RA
1492	Sap_SHI35740-RA
1493	Sap_SHI02179-RA
1494	Sap_SHI04550-RA
1497	Sap_SHI00167-RA
1498	Sap_SHI21247-RA
1499	Sap_SHI05442-RA
150	Sap_SHI29177-RA
1502	Sap_SHI29554-RA
1504	Sap_SHI18794-RA
1506	Sap_SHI08509-RA
1507	Sap_SHI03142-RA
1508	Sap_SHI08840-RA
1509	Sap_SHI07961-RA
151	Sap_SHI37433-RA
1510	Sap_SHI26532-RA
1511	Sap_SHI24440-RA
1513	Sap_SHI29120-RA
1514	Sap_SHI32795-RA
1515	Sap_SHI17897-RA
1515	Sap_SHI33146-RA
1516	Sap_SHI14524-RA
1516	Sap_SHI14525-RA
1517	Sap_SHI14956-RA
1518	Sap_SHI10525-RA
1519	Sap_SHI06291-RA
152	Sap_SHI18236-RA
1520	Sap_SHI09836-RA
1522	Sap_SHI02691-RA
1523	Sap_SHI07163-RA
1529	Sap_SHI27368-RA
1531	Sap_SHI18998-RA
1531	Sap_SHI18997-RA
1532	Sap_SHI11339-RA
1533	Sap_SHI18079-RA
1534	Sap_SHI00412-RA
1536	Sap_SHI29789-RA
1537	Sap_SHI08072-RA
1537	Sap_SHI22141-RA
1538	Sap_SHI25272-RA
1539	Sap_SHI08203-RA
1540	Sap_SHI17077-RA
1542	Sap_SHI02380-RA
1543	Sap_SHI09239-RA
1544	Sap_SHI02385-RA
1545	Sap_SHI09111-RA
1546	Sap_SHI04061-RA
1546	Sap_SHI23452-RA
1547	Sap_SHI16392-RA
1548	Sap_SHI24525-RA
1549	Sap_SHI13482-RA
155	Sap_SHI22918-RA
155	Sap_SHI32337-RA
1550	Sap_SHI21338-RA
1550	Sap_SHI07992-RA
1552	Sap_SHI31840-RA
1552	Sap_SHI31839-RA
1553	Sap_SHI40082-RA
1554	Sap_SHI05450-RA
1555	Sap_SHI26617-RA
1557	Sap_SHI01545-RA
1558	Sap_SHI21646-RA
156	Sap_SHI27090-RA
1562	Sap_SHI37242-RA
1562	Sap_SHI37243-RA
1563	Sap_SHI31840-RA
1563	Sap_SHI31839-RA
1564	Sap_SHI08508-RA
1564	Sap_SHI38461-RA
1567	Sap_SHI06282-RA
1567	Sap_SHI06287-RA
1568	Sap_SHI02241-RA
1570	Sap_SHI25789-RA
1571	Sap_SHI26587-RA
1572	Sap_SHI08188-RA
1573	Sap_SHI10103-RA
1574	Sap_SHI29189-RA
1575	Sap_SHI03556-RA
1576	Sap_SHI08773-RA
158	Sap_SHI18652-RA
1580	Sap_SHI03798-RA
1580	Sap_SHI16722-RA
1581	Sap_SHI22949-RA
1582	Sap_SHI17794-RA
1583	Sap_SHI00139-RA
1584	Sap_SHI23890-RA
1585	Sap_SHI32671-RA
1586	Sap_SHI30595-RA
1586	Sap_SHI30587-RA
1587	Sap_SHI00267-RA
1588	Sap_SHI08502-RA
1589	Sap_SHI18684-RA
159	Sap_SHI34005-RA
1590	Sap_SHI03694-RA
1591	Sap_SHI37430-RA
1592	Sap_SHI26951-RA
1594	Sap_SHI03429-RA
1597	Sap_SHI21294-RA
1599	Sap_SHI21257-RA
16	Sap_SHI03792-RA
1603	Sap_SHI07349-RA
1604	Sap_SHI22955-RA
1605	Sap_SHI09661-RA
1606	Sap_SHI04056-RA
161	Sap_SHI35803-RA
1610	Sap_SHI18758-RA
1612	Sap_SHI05798-RA
1613	Sap_SHI08310-RA
1614	Sap_SHI24417-RA
1615	Sap_SHI17054-RA
1616	Sap_SHI13706-RA
1619	Sap_SHI09124-RA
1620	Sap_SHI30240-RA
1621	Sap_SHI13750-RA
1622	Sap_SHI24498-RA
1622	Sap_SHI24499-RA
1624	Sap_SHI16461-RA
1624	Sap_SHI16462-RA
1625	Sap_SHI02727-RA
1626	Sap_SHI24847-RA
1627	Sap_SHI09106-RA
1628	Sap_SHI23560-RA
1629	Sap_SHI18067-RA
163	Sap_SHI09758-RA
163	Sap_SHI09759-RA
1630	Sap_SHI02838-RA
1632	Sap_SHI17894-RA
1633	Sap_SHI12750-RA
1635	Sap_SHI05153-RA
1636	Sap_SHI12626-RA
1637	Sap_SHI14518-RA
1638	Sap_SHI26465-RA
1640	Sap_SHI18202-RA
1641	Sap_SHI09041-RA
1642	Sap_SHI14589-RA
1643	Sap_SHI17270-RA
1644	Sap_SHI18571-RA
1645	Sap_SHI11232-RA
1646	Sap_SHI22589-RA
1647	Sap_SHI18161-RA
1648	Sap_SHI06893-RA
1648	Sap_SHI06892-RA
1649	Sap_SHI02879-RA
165	Sap_SHI25987-RA
1650	Sap_SHI16861-RA
1651	Sap_SHI03354-RA
1652	Sap_SHI07297-RA
1653	Sap_SHI15993-RA
1654	Sap_SHI01022-RA
1655	Sap_SHI00085-RA
1656	Sap_SHI13987-RA
1658	Sap_SHI19763-RA
1658	Sap_SHI19767-RA
1659	Sap_SHI13593-RA
166	Sap_SHI12315-RA
1660	Sap_SHI21298-RA
1660	Sap_SHI21636-RA
1661	Sap_SHI22178-RA
1663	Sap_SHI11668-RA
1663	Sap_SHI11670-RA
1664	Sap_SHI04008-RA
1665	Sap_SHI53281-RA
1666	Sap_SHI04076-RA
1667	Sap_SHI06486-RA
1668	Sap_SHI21261-RA
1669	Sap_SHI06205-RA
1669	Sap_SHI01976-RA
167	Sap_SHI13955-RA
167	Sap_SHI13954-RA
1670	Sap_SHI05801-RA
1671	Sap_SHI11095-RA
1672	Sap_SHI01048-RA
1673	Sap_SHI08329-RA
1675	Sap_SHI43126-RA
1677	Sap_SHI31501-RA
1678	Sap_SHI08726-RA
1679	Sap_SHI30165-RA
1684	Sap_SHI32214-RA
1686	Sap_SHI18963-RA
1687	Sap_SHI09397-RA
1687	Sap_SHI09399-RA
1688	Sap_SHI11343-RA
1689	Sap_SHI18622-RA
169	Sap_SHI04988-RA
169	Sap_SHI04990-RA
169	Sap_SHI04989-RA
1691	Sap_SHI08150-RA
1692	Sap_SHI17371-RA
1692	Sap_SHI17373-RA
1692	Sap_SHI17374-RA
1692	Sap_SHI17378-RA
1693	Sap_SHI09032-RA
1694	Sap_SHI19520-RA
1695	Sap_SHI25061-RA
1696	Sap_SHI24327-RA
1697	Sap_SHI04075-RA
1698	Sap_SHI03530-RA
1699	Sap_SHI18695-RA
1699	Sap_SHI18696-RA
17	Sap_SHI07200-RA
170	Sap_SHI06365-RA
170	Sap_SHI50708-RA
1700	Sap_SHI06634-RA
1701	Sap_SHI07338-RA
1704	Sap_SHI02818-RA
1704	Sap_SHI02817-RA
1705	Sap_SHI03512-RA
1706	Sap_SHI21271-RA
1707	Sap_SHI32600-RA
1708	Sap_SHI28108-RA
1709	Sap_SHI05561-RA
1709	Sap_SHI05559-RA
1709	Sap_SHI05560-RA
1709	Sap_SHI05558-RA
171	Sap_SHI24852-RA
1710	Sap_SHI10290-RA
1711	Sap_SHI00910-RA
1712	Sap_SHI35792-RA
1713	Sap_SHI02734-RA
1715	Sap_SHI28558-RA
1715	Sap_SHI28555-RA
1715	Sap_SHI28554-RA
1718	Sap_SHI09126-RA
1718	Sap_SHI09127-RA
172	Sap_SHI13062-RA
1720	Sap_SHI08927-RA
1721	Sap_SHI20841-RA
1722	Sap_SHI24424-RA
1723	Sap_SHI29904-RA
1723	Sap_SHI29905-RA
1726	Sap_SHI16367-RA
1727	Sap_SHI03519-RA
1729	Sap_SHI21884-RA
173	Sap_SHI11278-RA
1730	Sap_SHI04048-RA
1731	Sap_SHI37394-RA
1732	Sap_SHI16512-RA
1733	Sap_SHI31108-RA
1734	Sap_SHI02578-RA
1734	Sap_SHI53263-RA
1735	Sap_SHI01256-RA
1736	Sap_SHI06964-RA
1737	Sap_SHI09068-RA
1738	Sap_SHI18575-RA
174	Sap_SHI12700-RA
1741	Sap_SHI19984-RA
1742	Sap_SHI04190-RA
1743	Sap_SHI08971-RA
1744	Sap_SHI25240-RA
1745	Sap_SHI13668-RA
1747	Sap_SHI09429-RA
1749	Sap_SHI12655-RA
1752	Sap_SHI28874-RA
1754	Sap_SHI05839-RA
1755	Sap_SHI28844-RA
1756	Sap_SHI00774-RA
1757	Sap_SHI08162-RA
1758	Sap_SHI02976-RA
1758	Sap_SHI02975-RA
1759	Sap_SHI26375-RA
1760	Sap_SHI11382-RA
1761	Sap_SHI08964-RA
1761	Sap_SHI08966-RA
1762	Sap_SHI21210-RA
1763	Sap_SHI18252-RA
1764	Sap_SHI18194-RA
1765	Sap_SHI09317-RA
1766	Sap_SHI16321-RA
1766	Sap_SHI16320-RA
1768	Sap_SHI41289-RA
1769	Sap_SHI03120-RA
1769	Sap_SHI03122-RA
177	Sap_SHI11225-RA
1770	Sap_SHI08683-RA
1771	Sap_SHI02369-RA
1772	Sap_SHI17984-RA
1773	Sap_SHI09372-RA
1774	Sap_SHI26259-RA
1775	Sap_SHI04128-RA
1776	Sap_SHI02814-RA
1778	Sap_SHI00371-RA
1778	Sap_SHI54791-RA
1779	Sap_SHI17990-RA
178	Sap_SHI24851-RA
178	Sap_SHI24850-RA
1780	Sap_SHI02763-RA
1781	Sap_SHI18318-RA
1782	Sap_SHI10272-RA
1783	Sap_SHI13084-RA
1785	Sap_SHI33809-RA
1786	Sap_SHI02357-RA
1787	Sap_SHI17486-RA
1787	Sap_SHI17482-RA
1788	Sap_SHI29051-RA
1789	Sap_SHI06165-RA
179	Sap_SHI18713-RA
179	Sap_SHI18712-RA
1791	Sap_SHI13018-RA
1793	Sap_SHI21353-RA
1794	Sap_SHI00400-RA
1795	Sap_SHI24219-RA
1797	Sap_SHI08268-RA
1799	Sap_SHI00368-RA
1802	Sap_SHI24193-RA
1803	Sap_SHI05444-RA
1805	Sap_SHI10895-RA
1806	Sap_SHI17281-RA
1807	Sap_SHI01561-RA
1810	Sap_SHI04318-RA
1811	Sap_SHI08012-RA
1812	Sap_SHI11209-RA
1815	Sap_SHI22870-RA
1818	Sap_SHI00359-RA
1819	Sap_SHI06268-RA
182	Sap_SHI15490-RA
1822	Sap_SHI17990-RA
1823	Sap_SHI19947-RA
1823	Sap_SHI37044-RA
1823	Sap_SHI35581-RA
1823	Sap_SHI52252-RA
1823	Sap_SHI54924-RA
1823	Sap_SHI23195-RA
1823	Sap_SHI04213-RA
1823	Sap_SHI17657-RA
1824	Sap_SHI35746-RA
1824	Sap_SHI35747-RA
1824	Sap_SHI24886-RA
1825	Sap_SHI17231-RA
1826	Sap_SHI05329-RA
1827	Sap_SHI19625-RA
1828	Sap_SHI14916-RA
1829	Sap_SHI12840-RA
183	Sap_SHI11615-RA
1830	Sap_SHI03860-RA
1831	Sap_SHI04857-RA
1832	Sap_SHI26632-RA
1833	Sap_SHI32982-RA
1834	Sap_SHI05858-RA
1835	Sap_SHI08370-RA
1836	Sap_SHI18562-RA
1837	Sap_SHI26283-RA
1839	Sap_SHI26778-RA
1839	Sap_SHI26811-RA
184	Sap_SHI30531-RA
1840	Sap_SHI00189-RA
1843	Sap_SHI07002-RA
1844	Sap_SHI29133-RA
1846	Sap_SHI18483-RA
1849	Sap_SHI10060-RA
185	Sap_SHI33154-RA
185	Sap_SHI33158-RA
1850	Sap_SHI21056-RA
1850	Sap_SHI21058-RA
1850	Sap_SHI21057-RA
1850	Sap_SHI14958-RA
1850	Sap_SHI28254-RA
1852	Sap_SHI18913-RA
1852	Sap_SHI18917-RA
1854	Sap_SHI11281-RA
1855	Sap_SHI17795-RA
1855	Sap_SHI17796-RA
1856	Sap_SHI08449-RA
1856	Sap_SHI08452-RA
1858	Sap_SHI31058-RA
1858	Sap_SHI31059-RA
1859	Sap_SHI24429-RA
186	Sap_SHI48690-RA
1860	Sap_SHI11131-RA
1861	Sap_SHI12235-RA
1863	Sap_SHI21072-RA
1863	Sap_SHI21067-RA
1863	Sap_SHI21073-RA
1864	Sap_SHI22307-RA
1864	Sap_SHI22312-RA
1865	Sap_SHI12956-RA
1865	Sap_SHI12957-RA
1865	Sap_SHI12953-RA
1868	Sap_SHI30702-RA
1868	Sap_SHI30710-RA
187	Sap_SHI18844-RA
1870	Sap_SHI16026-RA
1870	Sap_SHI16024-RA
1871	Sap_SHI23302-RA
1872	Sap_SHI02184-RA
1874	Sap_SHI24885-RA
1875	Sap_SHI11158-RA
1877	Sap_SHI08387-RA
1879	Sap_SHI14516-RA
188	Sap_SHI10304-RA
1881	Sap_SHI05426-RA
1881	Sap_SHI05434-RA
1881	Sap_SHI05435-RA
1881	Sap_SHI05433-RA
1882	Sap_SHI19117-RA
1882	Sap_SHI19118-RA
1884	Sap_SHI11348-RA
1885	Sap_SHI19279-RA
1886	Sap_SHI13458-RA
1888	Sap_SHI06358-RA
1888	Sap_SHI26738-RA
189	Sap_SHI26216-RA
1890	Sap_SHI02152-RA
1891	Sap_SHI09963-RA
1892	Sap_SHI13674-RA
1894	Sap_SHI00987-RA
1894	Sap_SHI00986-RA
1895	Sap_SHI19775-RA
1896	Sap_SHI11207-RA
1897	Sap_SHI16603-RA
1898	Sap_SHI02356-RA
1899	Sap_SHI09110-RA
19	Sap_SHI01252-RA
190	Sap_SHI02542-RA
190	Sap_SHI02544-RA
1900	Sap_SHI21441-RA
1901	Sap_SHI12526-RA
1901	Sap_SHI49588-RA
1902	Sap_SHI31861-RA
1903	Sap_SHI07451-RA
1904	Sap_SHI08027-RA
1908	Sap_SHI04924-RA
1909	Sap_SHI18835-RA
191	Sap_SHI21436-RA
1910	Sap_SHI19066-RA
1911	Sap_SHI22263-RA
1912	Sap_SHI08159-RA
1913	Sap_SHI07641-RA
1913	Sap_SHI07636-RA
1914	Sap_SHI04909-RA
1915	Sap_SHI31849-RA
1916	Sap_SHI18692-RA
192	Sap_SHI19203-RA
1920	Sap_SHI16731-RA
1921	Sap_SHI29933-RA
1922	Sap_SHI28346-RA
1923	Sap_SHI10943-RA
1925	Sap_SHI08813-RA
1925	Sap_SHI08814-RA
1925	Sap_SHI23079-RA
1926	Sap_SHI20948-RA
1927	Sap_SHI18510-RA
1928	Sap_SHI04274-RA
193	Sap_SHI27655-RA
1931	Sap_SHI12628-RA
1932	Sap_SHI13690-RA
1934	Sap_SHI00446-RA
1935	Sap_SHI06067-RA
1936	Sap_SHI33391-RA
1937	Sap_SHI15009-RA
1938	Sap_SHI18238-RA
1939	Sap_SHI18570-RA
194	Sap_SHI03505-RA
1945	Sap_SHI13754-RA
1945	Sap_SHI13753-RA
1946	Sap_SHI19187-RA
1947	Sap_SHI08947-RA
1948	Sap_SHI00477-RA
1949	Sap_SHI18104-RA
195	Sap_SHI12690-RA
1950	Sap_SHI05288-RA
1951	Sap_SHI26740-RA
1951	Sap_SHI26743-RA
1952	Sap_SHI36421-RA
1952	Sap_SHI38925-RA
1952	Sap_SHI48402-RA
1952	Sap_SHI35645-RA
1954	Sap_SHI04093-RA
1955	Sap_SHI23546-RA
1960	Sap_SHI13526-RA
1960	Sap_SHI13528-RA
1960	Sap_SHI24976-RA
1960	Sap_SHI13529-RA
1961	Sap_SHI14931-RA
1962	Sap_SHI00298-RA
1963	Sap_SHI20792-RA
1964	Sap_SHI05091-RA
1966	Sap_SHI00188-RA
1967	Sap_SHI25282-RA
1968	Sap_SHI29483-RA
1969	Sap_SHI29276-RA
1970	Sap_SHI34639-RA
1971	Sap_SHI07195-RA
1975	Sap_SHI05053-RA
1976	Sap_SHI43493-RA
1977	Sap_SHI13725-RA
1979	Sap_SHI30244-RA
198	Sap_SHI12342-RA
1980	Sap_SHI19048-RA
1981	Sap_SHI23080-RA
1982	Sap_SHI23033-RA
1983	Sap_SHI24464-RA
1984	Sap_SHI40083-RA
1985	Sap_SHI02110-RA
1986	Sap_SHI04849-RA
1987	Sap_SHI13965-RA
1988	Sap_SHI16582-RA
1988	Sap_SHI22748-RA
1989	Sap_SHI29761-RA
199	Sap_SHI07346-RA
1990	Sap_SHI04456-RA
1991	Sap_SHI29364-RA
1992	Sap_SHI09598-RA
1993	Sap_SHI03428-RA
1994	Sap_SHI21101-RA
1996	Sap_SHI18488-RA
1997	Sap_SHI19195-RA
1998	Sap_SHI02820-RA
1998	Sap_SHI02821-RA
1999	Sap_SHI02598-RA
2	Sap_SHI07251-RA
2	Sap_SHI15266-RA
2	Sap_SHI22740-RA
2	Sap_SHI30329-RA
200	Sap_SHI31870-RA
2002	Sap_SHI17793-RA
2002	Sap_SHI51377-RA
2002	Sap_SHI51653-RA
2002	Sap_SHI51807-RA
2002	Sap_SHI54118-RA
2003	Sap_SHI19006-RA
2004	Sap_SHI00564-RA
2005	Sap_SHI08291-RA
2006	Sap_SHI10092-RA
2008	Sap_SHI08232-RA
201	Sap_SHI04292-RA
2010	Sap_SHI15426-RA
2012	Sap_SHI05424-RA
2014	Sap_SHI05627-RA
2015	Sap_SHI31852-RA
2016	Sap_SHI13479-RA
2018	Sap_SHI16749-RA
2019	Sap_SHI07708-RA
202	Sap_SHI03892-RA
2020	Sap_SHI21128-RA
2021	Sap_SHI00453-RA
2022	Sap_SHI11956-RA
2023	Sap_SHI15342-RA
2024	Sap_SHI08155-RA
2026	Sap_SHI21930-RA
2026	Sap_SHI21933-RA
2027	Sap_SHI18226-RA
2030	Sap_SHI15577-RA
2030	Sap_SHI50054-RA
2030	Sap_SHI15580-RA
2030	Sap_SHI15581-RA
2030	Sap_SHI54853-RA
2032	Sap_SHI10430-RA
2033	Sap_SHI09624-RA
2034	Sap_SHI06995-RA
2035	Sap_SHI07507-RA
2037	Sap_SHI09678-RA
2038	Sap_SHI25366-RA
2039	Sap_SHI02232-RA
204	Sap_SHI18076-RA
2040	Sap_SHI07885-RA
2042	Sap_SHI44928-RA
2043	Sap_SHI07536-RA
2045	Sap_SHI05397-RA
2046	Sap_SHI24506-RA
2047	Sap_SHI07460-RA
2047	Sap_SHI53762-RA
2049	Sap_SHI06669-RA
205	Sap_SHI10393-RA
205	Sap_SHI10392-RA
205	Sap_SHI10395-RA
2053	Sap_SHI07120-RA
2054	Sap_SHI04808-RA
2055	Sap_SHI28179-RA
2056	Sap_SHI02892-RA
2057	Sap_SHI09796-RA
2057	Sap_SHI09787-RA
2057	Sap_SHI09794-RA
2058	Sap_SHI05040-RA
2059	Sap_SHI18012-RA
2059	Sap_SHI52114-RA
206	Sap_SHI13064-RA
2060	Sap_SHI13496-RA
2061	Sap_SHI53192-RA
2062	Sap_SHI11063-RA
2064	Sap_SHI20570-RA
2065	Sap_SHI33363-RA
2065	Sap_SHI32859-RA
2065	Sap_SHI33365-RA
2065	Sap_SHI33362-RA
2066	Sap_SHI22468-RA
2066	Sap_SHI22466-RA
2067	Sap_SHI17414-RA
2068	Sap_SHI26524-RA
2069	Sap_SHI20077-RA
207	Sap_SHI04962-RA
2070	Sap_SHI22468-RA
2070	Sap_SHI22466-RA
2072	Sap_SHI13738-RA
2072	Sap_SHI13737-RA
2072	Sap_SHI13739-RA
2074	Sap_SHI19580-RA
2075	Sap_SHI04912-RA
2075	Sap_SHI04913-RA
2076	Sap_SHI16852-RA
2077	Sap_SHI16011-RA
2078	Sap_SHI50123-RA
2078	Sap_SHI50301-RA
2078	Sap_SHI18264-RA
2079	Sap_SHI04464-RA
2080	Sap_SHI05352-RA
2081	Sap_SHI27394-RA
2082	Sap_SHI00157-RA
2083	Sap_SHI00348-RA
2084	Sap_SHI03251-RA
2085	Sap_SHI05829-RA
2088	Sap_SHI18145-RA
209	Sap_SHI04955-RA
2090	Sap_SHI12833-RA
2092	Sap_SHI05628-RA
2093	Sap_SHI03194-RA
2095	Sap_SHI14080-RA
2095	Sap_SHI00707-RA
2097	Sap_SHI21306-RA
2098	Sap_SHI06993-RA
2099	Sap_SHI26851-RA
2099	Sap_SHI26853-RA
21	Sap_SHI12399-RA
210	Sap_SHI32770-RA
2100	Sap_SHI02293-RA
2101	Sap_SHI16688-RA
2101	Sap_SHI42179-RA
2101	Sap_SHI42178-RA
2102	Sap_SHI26317-RA
2103	Sap_SHI12521-RA
2103	Sap_SHI12520-RA
2104	Sap_SHI03357-RA
2105	Sap_SHI21439-RA
2106	Sap_SHI09448-RA
2107	Sap_SHI24885-RA
2108	Sap_SHI17938-RA
2109	Sap_SHI24582-RA
211	Sap_SHI00354-RA
211	Sap_SHI25478-RA
2110	Sap_SHI09532-RA
2111	Sap_SHI09202-RA
2114	Sap_SHI13703-RA
2118	Sap_SHI18996-RA
2119	Sap_SHI27316-RA
212	Sap_SHI03315-RA
2121	Sap_SHI36871-RA
2122	Sap_SHI07008-RA
2122	Sap_SHI25813-RA
2123	Sap_SHI09906-RA
2124	Sap_SHI26549-RA
2124	Sap_SHI26555-RA
2126	Sap_SHI07140-RA
2127	Sap_SHI25261-RA
2129	Sap_SHI20352-RA
213	Sap_SHI18993-RA
2133	Sap_SHI21597-RA
2133	Sap_SHI21602-RA
2134	Sap_SHI00286-RA
2135	Sap_SHI31544-RA
2136	Sap_SHI18046-RA
2139	Sap_SHI00890-RA
2139	Sap_SHI00893-RA
2139	Sap_SHI00894-RA
214	Sap_SHI07194-RA
2141	Sap_SHI13682-RA
2142	Sap_SHI20784-RA
2143	Sap_SHI22285-RA
2144	Sap_SHI00360-RA
2145	Sap_SHI10302-RA
2146	Sap_SHI06882-RA
2147	Sap_SHI24441-RA
2149	Sap_SHI03143-RA
215	Sap_SHI21090-RA
2150	Sap_SHI39270-RA
2150	Sap_SHI42710-RA
2151	Sap_SHI07667-RA
2153	Sap_SHI05806-RA
2153	Sap_SHI05807-RA
2154	Sap_SHI11068-RA
2156	Sap_SHI18675-RA
2156	Sap_SHI18673-RA
2158	Sap_SHI11248-RA
2159	Sap_SHI02261-RA
2159	Sap_SHI02262-RA
2159	Sap_SHI02263-RA
2159	Sap_SHI02264-RA
216	Sap_SHI18054-RA
216	Sap_SHI18055-RA
2160	Sap_SHI27927-RA
2162	Sap_SHI00233-RA
2163	Sap_SHI05416-RA
2165	Sap_SHI03265-RA
2165	Sap_SHI03264-RA
2166	Sap_SHI07326-RA
2167	Sap_SHI23797-RA
2168	Sap_SHI25734-RA
2169	Sap_SHI21475-RA
217	Sap_SHI34518-RA
2170	Sap_SHI14098-RA
2173	Sap_SHI00856-RA
2174	Sap_SHI29021-RA
2175	Sap_SHI18420-RA
2176	Sap_SHI04907-RA
2177	Sap_SHI04046-RA
2178	Sap_SHI13602-RA
2179	Sap_SHI24420-RA
218	Sap_SHI27027-RA
2182	Sap_SHI27029-RA
2183	Sap_SHI08060-RA
2184	Sap_SHI13878-RA
2184	Sap_SHI13879-RA
2185	Sap_SHI29184-RA
2187	Sap_SHI03897-RA
2188	Sap_SHI01027-RA
2189	Sap_SHI07445-RA
219	Sap_SHI10184-RA
2190	Sap_SHI00062-RA
2191	Sap_SHI46597-RA
2194	Sap_SHI26458-RA
2196	Sap_SHI04050-RA
2197	Sap_SHI21670-RA
2198	Sap_SHI00051-RA
2199	Sap_SHI25369-RA
2199	Sap_SHI25367-RA
22	Sap_SHI19141-RA
220	Sap_SHI17840-RA
2200	Sap_SHI05685-RA
2201	Sap_SHI04406-RA
2201	Sap_SHI07765-RA
2201	Sap_SHI23388-RA
2201	Sap_SHI21821-RA
2201	Sap_SHI28792-RA
2201	Sap_SHI39266-RA
2201	Sap_SHI16262-RA
2201	Sap_SHI16259-RA
2202	Sap_SHI52973-RA
2206	Sap_SHI08201-RA
2208	Sap_SHI25225-RA
2209	Sap_SHI07701-RA
221	Sap_SHI25415-RA
2211	Sap_SHI03261-RA
2213	Sap_SHI03988-RA
2214	Sap_SHI14371-RA
2215	Sap_SHI18698-RA
2215	Sap_SHI22003-RA
2215	Sap_SHI22004-RA
2216	Sap_SHI08057-RA
2217	Sap_SHI09085-RA
2219	Sap_SHI26313-RA
222	Sap_SHI17211-RA
222	Sap_SHI17213-RA
2220	Sap_SHI06988-RA
2221	Sap_SHI28867-RA
2222	Sap_SHI21627-RA
2223	Sap_SHI23106-RA
2223	Sap_SHI23109-RA
2224	Sap_SHI07360-RA
2224	Sap_SHI14219-RA
2225	Sap_SHI14430-RA
2225	Sap_SHI07880-RA
2225	Sap_SHI14432-RA
2226	Sap_SHI21502-RA
2227	Sap_SHI09036-RA
2227	Sap_SHI09037-RA
2229	Sap_SHI10691-RA
223	Sap_SHI18726-RA
2230	Sap_SHI30684-RA
2231	Sap_SHI11190-RA
2232	Sap_SHI05074-RA
2234	Sap_SHI31117-RA
2235	Sap_SHI02180-RA
2236	Sap_SHI18230-RA
2237	Sap_SHI08214-RA
2239	Sap_SHI21085-RA
224	Sap_SHI26586-RA
2240	Sap_SHI04520-RA
2241	Sap_SHI54755-RA
2241	Sap_SHI28815-RA
2243	Sap_SHI18216-RA
2244	Sap_SHI05615-RA
2245	Sap_SHI10751-RA
2246	Sap_SHI26504-RA
2247	Sap_SHI18448-RA
2248	Sap_SHI30433-RA
2249	Sap_SHI10268-RA
225	Sap_SHI18715-RA
2250	Sap_SHI21177-RA
2251	Sap_SHI10443-RA
2253	Sap_SHI09390-RA
2256	Sap_SHI31485-RA
2257	Sap_SHI33917-RA
2258	Sap_SHI11379-RA
2259	Sap_SHI24911-RA
226	Sap_SHI05286-RA
2260	Sap_SHI16749-RA
2261	Sap_SHI21159-RA
2263	Sap_SHI12895-RA
2263	Sap_SHI19713-RA
2264	Sap_SHI08292-RA
2265	Sap_SHI06883-RA
2266	Sap_SHI17675-RA
2267	Sap_SHI11222-RA
2268	Sap_SHI31290-RA
227	Sap_SHI03355-RA
2270	Sap_SHI00282-RA
2271	Sap_SHI10273-RA
2272	Sap_SHI17420-RA
2272	Sap_SHI17424-RA
2273	Sap_SHI13491-RA
2274	Sap_SHI26495-RA
2275	Sap_SHI05596-RA
2277	Sap_SHI11150-RA
2279	Sap_SHI00373-RA
2280	Sap_SHI05875-RA
2280	Sap_SHI07287-RA
2280	Sap_SHI07289-RA
2281	Sap_SHI02087-RA
2282	Sap_SHI13880-RA
2283	Sap_SHI02623-RA
2283	Sap_SHI02626-RA
2284	Sap_SHI01077-RA
2285	Sap_SHI13714-RA
2286	Sap_SHI01178-RA
2287	Sap_SHI27977-RA
2288	Sap_SHI10138-RA
2289	Sap_SHI28450-RA
229	Sap_SHI18096-RA
2290	Sap_SHI13712-RA
2290	Sap_SHI13711-RA
2291	Sap_SHI08510-RA
2293	Sap_SHI34083-RA
2294	Sap_SHI07152-RA
2294	Sap_SHI07147-RA
2295	Sap_SHI09138-RA
2296	Sap_SHI10997-RA
2297	Sap_SHI14011-RA
2299	Sap_SHI09948-RA
230	Sap_SHI25108-RA
230	Sap_SHI44505-RA
230	Sap_SHI53352-RA
230	Sap_SHI49864-RA
230	Sap_SHI39144-RA
230	Sap_SHI31130-RA
2300	Sap_SHI15219-RA
2301	Sap_SHI08050-RA
2302	Sap_SHI06884-RA
2304	Sap_SHI18077-RA
2305	Sap_SHI32895-RA
2305	Sap_SHI32894-RA
2306	Sap_SHI01383-RA
2307	Sap_SHI37242-RA
2307	Sap_SHI37243-RA
2308	Sap_SHI00349-RA
2308	Sap_SHI29414-RA
2309	Sap_SHI05356-RA
2310	Sap_SHI27013-RA
2311	Sap_SHI08690-RA
2313	Sap_SHI33319-RA
2314	Sap_SHI00735-RA
2315	Sap_SHI05875-RA
2315	Sap_SHI07287-RA
2315	Sap_SHI07289-RA
2317	Sap_SHI31096-RA
2318	Sap_SHI20701-RA
2321	Sap_SHI06142-RA
2321	Sap_SHI06141-RA
2322	Sap_SHI07113-RA
2323	Sap_SHI08941-RA
2324	Sap_SHI05982-RA
2324	Sap_SHI33539-RA
2324	Sap_SHI33541-RA
2326	Sap_SHI00343-RA
2327	Sap_SHI32536-RA
2327	Sap_SHI13746-RA
2328	Sap_SHI07927-RA
233	Sap_SHI08001-RA
2331	Sap_SHI11486-RA
2333	Sap_SHI04920-RA
2335	Sap_SHI11281-RA
2336	Sap_SHI12837-RA
2338	Sap_SHI27577-RA
234	Sap_SHI23093-RA
2340	Sap_SHI04049-RA
2342	Sap_SHI00173-RA
2342	Sap_SHI00172-RA
2343	Sap_SHI12527-RA
2346	Sap_SHI23764-RA
2346	Sap_SHI27786-RA
2347	Sap_SHI18613-RA
2348	Sap_SHI06012-RA
235	Sap_SHI05402-RA
235	Sap_SHI21243-RA
2351	Sap_SHI04977-RA
2352	Sap_SHI04977-RA
2354	Sap_SHI31836-RA
2358	Sap_SHI02849-RA
2359	Sap_SHI08319-RA
236	Sap_SHI03949-RA
2360	Sap_SHI16241-RA
2361	Sap_SHI04016-RA
2362	Sap_SHI24518-RA
2364	Sap_SHI06981-RA
2366	Sap_SHI02352-RA
2366	Sap_SHI02355-RA
2368	Sap_SHI22235-RA
2368	Sap_SHI22238-RA
2368	Sap_SHI22236-RA
2369	Sap_SHI11242-RA
237	Sap_SHI11127-RA
2370	Sap_SHI01017-RA
2372	Sap_SHI04047-RA
2373	Sap_SHI02884-RA
2374	Sap_SHI00243-RA
2375	Sap_SHI21270-RA
2376	Sap_SHI06096-RA
2376	Sap_SHI06095-RA
2377	Sap_SHI00704-RA
2378	Sap_SHI07963-RA
2378	Sap_SHI07962-RA
2379	Sap_SHI18783-RA
2379	Sap_SHI18784-RA
238	Sap_SHI31088-RA
2380	Sap_SHI24609-RA
2382	Sap_SHI00391-RA
2384	Sap_SHI07214-RA
2385	Sap_SHI24430-RA
2387	Sap_SHI09275-RA
2388	Sap_SHI03011-RA
2389	Sap_SHI08376-RA
239	Sap_SHI32180-RA
2392	Sap_SHI25230-RA
2393	Sap_SHI03767-RA
2394	Sap_SHI07417-RA
2395	Sap_SHI21227-RA
2396	Sap_SHI20521-RA
2397	Sap_SHI04094-RA
2398	Sap_SHI14780-RA
2399	Sap_SHI04147-RA
24	Sap_SHI11722-RA
240	Sap_SHI22953-RA
240	Sap_SHI22950-RA
2400	Sap_SHI10785-RA
2402	Sap_SHI23189-RA
2402	Sap_SHI23188-RA
2402	Sap_SHI23187-RA
2404	Sap_SHI05637-RA
2404	Sap_SHI05634-RA
2404	Sap_SHI05641-RA
2405	Sap_SHI28590-RA
2406	Sap_SHI18001-RA
2407	Sap_SHI34775-RA
2408	Sap_SHI18705-RA
2409	Sap_SHI08679-RA
2410	Sap_SHI08526-RA
2412	Sap_SHI06911-RA
2413	Sap_SHI32767-RA
2414	Sap_SHI06952-RA
2417	Sap_SHI31287-RA
2418	Sap_SHI28490-RA
2419	Sap_SHI38232-RA
242	Sap_SHI02366-RA
2420	Sap_SHI02368-RA
2421	Sap_SHI11407-RA
2422	Sap_SHI26994-RA
2423	Sap_SHI15283-RA
2425	Sap_SHI16878-RA
2426	Sap_SHI11408-RA
2427	Sap_SHI09006-RA
2428	Sap_SHI17732-RA
243	Sap_SHI10942-RA
243	Sap_SHI54251-RA
2430	Sap_SHI10505-RA
2432	Sap_SHI03198-RA
2433	Sap_SHI21339-RA
2433	Sap_SHI21342-RA
2435	Sap_SHI00026-RA
2436	Sap_SHI37431-RA
2437	Sap_SHI24117-RA
2438	Sap_SHI03908-RA
2440	Sap_SHI07995-RA
2441	Sap_SHI33752-RA
2442	Sap_SHI24510-RA
2443	Sap_SHI10683-RA
2445	Sap_SHI10365-RA
2446	Sap_SHI30379-RA
2447	Sap_SHI08724-RA
2448	Sap_SHI27490-RA
2448	Sap_SHI27491-RA
2449	Sap_SHI10142-RA
2449	Sap_SHI25541-RA
245	Sap_SHI40662-RA
245	Sap_SHI27802-RA
2450	Sap_SHI03196-RA
2453	Sap_SHI28923-RA
2454	Sap_SHI25231-RA
2455	Sap_SHI12679-RA
2455	Sap_SHI38290-RA
2455	Sap_SHI50712-RA
2456	Sap_SHI05289-RA
2457	Sap_SHI08273-RA
2458	Sap_SHI03942-RA
2459	Sap_SHI16441-RA
2460	Sap_SHI25579-RA
2461	Sap_SHI02465-RA
2462	Sap_SHI15152-RA
2463	Sap_SHI10977-RA
2464	Sap_SHI28702-RA
2465	Sap_SHI18664-RA
2465	Sap_SHI18663-RA
2466	Sap_SHI20325-RA
2466	Sap_SHI20326-RA
2467	Sap_SHI03744-RA
2468	Sap_SHI20677-RA
247	Sap_SHI48963-RA
2470	Sap_SHI06060-RA
2471	Sap_SHI23490-RA
2472	Sap_SHI25257-RA
2473	Sap_SHI30063-RA
2474	Sap_SHI29791-RA
2475	Sap_SHI25226-RA
2475	Sap_SHI25227-RA
2476	Sap_SHI13705-RA
2477	Sap_SHI21648-RA
2478	Sap_SHI17061-RA
2479	Sap_SHI17818-RA
248	Sap_SHI34305-RA
2480	Sap_SHI05962-RA
2481	Sap_SHI08088-RA
2482	Sap_SHI00563-RA
2482	Sap_SHI23767-RA
2482	Sap_SHI32440-RA
2482	Sap_SHI38594-RA
2482	Sap_SHI39424-RA
2482	Sap_SHI39497-RA
2482	Sap_SHI49800-RA
2482	Sap_SHI50565-RA
2482	Sap_SHI30552-RA
2482	Sap_SHI33774-RA
2482	Sap_SHI33773-RA
2483	Sap_SHI06333-RA
2485	Sap_SHI00615-RA
2486	Sap_SHI13457-RA
2487	Sap_SHI03706-RA
2489	Sap_SHI11411-RA
249	Sap_SHI03118-RA
249	Sap_SHI03119-RA
2490	Sap_SHI18446-RA
2491	Sap_SHI07389-RA
2491	Sap_SHI07394-RA
2492	Sap_SHI00301-RA
2494	Sap_SHI08654-RA
2496	Sap_SHI16504-RA
2497	Sap_SHI24463-RA
2499	Sap_SHI13200-RA
25	Sap_SHI05893-RA
2500	Sap_SHI21354-RA
2501	Sap_SHI31107-RA
2503	Sap_SHI10350-RA
2504	Sap_SHI24408-RA
2506	Sap_SHI24220-RA
2508	Sap_SHI07237-RA
2509	Sap_SHI02505-RA
2509	Sap_SHI02509-RA
2509	Sap_SHI02503-RA
2510	Sap_SHI03424-RA
2510	Sap_SHI03425-RA
2512	Sap_SHI19224-RA
2513	Sap_SHI21486-RA
2516	Sap_SHI20220-RA
2516	Sap_SHI20221-RA
2517	Sap_SHI28826-RA
2518	Sap_SHI34429-RA
2519	Sap_SHI05791-RA
252	Sap_SHI08069-RA
2520	Sap_SHI28315-RA
2521	Sap_SHI18543-RA
2522	Sap_SHI05464-RA
2523	Sap_SHI05909-RA
2524	Sap_SHI22482-RA
2527	Sap_SHI19186-RA
2529	Sap_SHI31404-RA
253	Sap_SHI13676-RA
253	Sap_SHI13675-RA
2530	Sap_SHI14922-RA
2531	Sap_SHI02886-RA
2532	Sap_SHI09287-RA
2532	Sap_SHI09290-RA
2533	Sap_SHI16927-RA
2536	Sap_SHI07004-RA
2537	Sap_SHI02710-RA
254	Sap_SHI12878-RA
2540	Sap_SHI15388-RA
2542	Sap_SHI03827-RA
2545	Sap_SHI06610-RA
2547	Sap_SHI06610-RA
2550	Sap_SHI12329-RA
2551	Sap_SHI10632-RA
2552	Sap_SHI23780-RA
2553	Sap_SHI34087-RA
2553	Sap_SHI34090-RA
2554	Sap_SHI17950-RA
2556	Sap_SHI04571-RA
2556	Sap_SHI04569-RA
2558	Sap_SHI08207-RA
2559	Sap_SHI05493-RA
256	Sap_SHI02824-RA
2562	Sap_SHI25216-RA
2563	Sap_SHI25781-RA
2565	Sap_SHI10215-RA
2566	Sap_SHI11525-RA
2569	Sap_SHI18653-RA
257	Sap_SHI34068-RA
257	Sap_SHI31149-RA
2570	Sap_SHI20331-RA
2571	Sap_SHI10068-RA
2571	Sap_SHI31853-RA
2572	Sap_SHI21583-RA
2573	Sap_SHI18990-RA
2574	Sap_SHI08294-RA
2575	Sap_SHI20252-RA
2576	Sap_SHI31745-RA
2576	Sap_SHI31751-RA
2578	Sap_SHI00435-RA
2579	Sap_SHI04891-RA
258	Sap_SHI12946-RA
2580	Sap_SHI01926-RA
2581	Sap_SHI16611-RA
2584	Sap_SHI12784-RA
2584	Sap_SHI12782-RA
2585	Sap_SHI18353-RA
2586	Sap_SHI03491-RA
2586	Sap_SHI05876-RA
2586	Sap_SHI05877-RA
2587	Sap_SHI03263-RA
2588	Sap_SHI30158-RA
2589	Sap_SHI17813-RA
2590	Sap_SHI11587-RA
2592	Sap_SHI05234-RA
2595	Sap_SHI09705-RA
2597	Sap_SHI04751-RA
2598	Sap_SHI18791-RA
2599	Sap_SHI07230-RA
26	Sap_SHI10287-RA
260	Sap_SHI13436-RA
2601	Sap_SHI13710-RA
2602	Sap_SHI02382-RA
2603	Sap_SHI23375-RA
2603	Sap_SHI23374-RA
2605	Sap_SHI03239-RA
2605	Sap_SHI03242-RA
2606	Sap_SHI02723-RA
2607	Sap_SHI25269-RA
2608	Sap_SHI00053-RA
2608	Sap_SHI02147-RA
2609	Sap_SHI25241-RA
261	Sap_SHI20235-RA
2610	Sap_SHI10980-RA
2611	Sap_SHI06101-RA
2613	Sap_SHI02397-RA
2614	Sap_SHI23993-RA
2615	Sap_SHI17597-RA
2616	Sap_SHI06812-RA
2616	Sap_SHI04268-RA
2618	Sap_SHI02591-RA
2618	Sap_SHI02587-RA
2619	Sap_SHI34085-RA
2620	Sap_SHI18589-RA
2621	Sap_SHI26480-RA
2622	Sap_SHI12196-RA
2623	Sap_SHI17333-RA
2624	Sap_SHI05282-RA
2625	Sap_SHI17597-RA
2626	Sap_SHI14109-RA
2626	Sap_SHI14108-RA
2627	Sap_SHI00569-RA
2628	Sap_SHI18323-RA
263	Sap_SHI01420-RA
263	Sap_SHI01417-RA
2630	Sap_SHI20703-RA
2631	Sap_SHI08868-RA
2634	Sap_SHI29790-RA
2635	Sap_SHI07033-RA
2636	Sap_SHI21216-RA
2637	Sap_SHI04911-RA
2638	Sap_SHI04077-RA
2639	Sap_SHI05399-RA
2640	Sap_SHI07707-RA
2641	Sap_SHI27809-RA
2642	Sap_SHI11355-RA
2643	Sap_SHI17989-RA
2646	Sap_SHI12129-RA
2646	Sap_SHI12128-RA
2647	Sap_SHI05786-RA
2648	Sap_SHI26497-RA
2652	Sap_SHI20747-RA
2653	Sap_SHI04113-RA
2654	Sap_SHI16074-RA
2654	Sap_SHI16069-RA
2655	Sap_SHI02581-RA
2656	Sap_SHI02326-RA
2659	Sap_SHI10672-RA
2659	Sap_SHI24725-RA
2659	Sap_SHI24726-RA
2659	Sap_SHI33075-RA
266	Sap_SHI19019-RA
2661	Sap_SHI06255-RA
2662	Sap_SHI06127-RA
2664	Sap_SHI17237-RA
2665	Sap_SHI31078-RA
2666	Sap_SHI05318-RA
2667	Sap_SHI33188-RA
2668	Sap_SHI13805-RA
2669	Sap_SHI14168-RA
2669	Sap_SHI14167-RA
267	Sap_SHI31416-RA
2670	Sap_SHI10410-RA
2672	Sap_SHI02332-RA
2675	Sap_SHI14178-RA
2676	Sap_SHI19530-RA
2676	Sap_SHI20158-RA
2676	Sap_SHI20159-RA
2678	Sap_SHI15753-RA
2679	Sap_SHI17954-RA
2681	Sap_SHI08218-RA
2682	Sap_SHI31311-RA
2684	Sap_SHI25773-RA
2686	Sap_SHI09384-RA
2687	Sap_SHI08167-RA
2687	Sap_SHI17311-RA
2687	Sap_SHI17314-RA
2688	Sap_SHI08218-RA
2691	Sap_SHI15819-RA
2692	Sap_SHI04276-RA
2693	Sap_SHI05565-RA
2697	Sap_SHI00450-RA
2698	Sap_SHI05761-RA
2699	Sap_SHI02990-RA
270	Sap_SHI08824-RA
2700	Sap_SHI24526-RA
2702	Sap_SHI11187-RA
2702	Sap_SHI13143-RA
2702	Sap_SHI13144-RA
2706	Sap_SHI13635-RA
2708	Sap_SHI26522-RA
2709	Sap_SHI02938-RA
2712	Sap_SHI15128-RA
2715	Sap_SHI26570-RA
2716	Sap_SHI11217-RA
2717	Sap_SHI03418-RA
272	Sap_SHI08005-RA
272	Sap_SHI08006-RA
2720	Sap_SHI16961-RA
2721	Sap_SHI21378-RA
2723	Sap_SHI16141-RA
2724	Sap_SHI04933-RA
2724	Sap_SHI04936-RA
2725	Sap_SHI15808-RA
2727	Sap_SHI05200-RA
273	Sap_SHI21578-RA
2730	Sap_SHI05200-RA
2732	Sap_SHI02849-RA
2733	Sap_SHI12572-RA
2734	Sap_SHI20296-RA
2735	Sap_SHI39307-RA
2735	Sap_SHI39546-RA
2736	Sap_SHI21213-RA
2737	Sap_SHI04610-RA
2737	Sap_SHI21685-RA
274	Sap_SHI00581-RA
2743	Sap_SHI24907-RA
2743	Sap_SHI24908-RA
2744	Sap_SHI18980-RA
2745	Sap_SHI10277-RA
2747	Sap_SHI14568-RA
2749	Sap_SHI00037-RA
2749	Sap_SHI00039-RA
2749	Sap_SHI00036-RA
275	Sap_SHI13535-RA
2751	Sap_SHI13792-RA
2752	Sap_SHI13823-RA
2753	Sap_SHI13538-RA
2754	Sap_SHI25722-RA
2755	Sap_SHI04087-RA
2756	Sap_SHI26599-RA
2757	Sap_SHI00270-RA
2758	Sap_SHI03997-RA
2759	Sap_SHI13849-RA
276	Sap_SHI29124-RA
2761	Sap_SHI25249-RA
2762	Sap_SHI03483-RA
2763	Sap_SHI30460-RA
2764	Sap_SHI09947-RA
2765	Sap_SHI33618-RA
2765	Sap_SHI33623-RA
2765	Sap_SHI33624-RA
2765	Sap_SHI33626-RA
2767	Sap_SHI24853-RA
2768	Sap_SHI12631-RA
277	Sap_SHI08081-RA
2770	Sap_SHI21915-RA
2770	Sap_SHI31838-RA
2771	Sap_SHI26701-RA
2773	Sap_SHI09724-RA
2774	Sap_SHI34214-RA
2775	Sap_SHI41749-RA
2776	Sap_SHI02214-RA
2778	Sap_SHI25312-RA
2778	Sap_SHI25311-RA
278	Sap_SHI24846-RA
2780	Sap_SHI10582-RA
2781	Sap_SHI22710-RA
2782	Sap_SHI00111-RA
2784	Sap_SHI29795-RA
2785	Sap_SHI13968-RA
2786	Sap_SHI03803-RA
2787	Sap_SHI12380-RA
2790	Sap_SHI13759-RA
2792	Sap_SHI04110-RA
2793	Sap_SHI09386-RA
2794	Sap_SHI17873-RA
2796	Sap_SHI11098-RA
2796	Sap_SHI11103-RA
2797	Sap_SHI02851-RA
2798	Sap_SHI28907-RA
2799	Sap_SHI19047-RA
28	Sap_SHI13696-RA
280	Sap_SHI03161-RA
280	Sap_SHI03158-RA
2800	Sap_SHI27010-RA
2802	Sap_SHI29109-RA
2802	Sap_SHI29253-RA
2802	Sap_SHI37397-RA
2803	Sap_SHI13061-RA
2804	Sap_SHI17834-RA
2804	Sap_SHI17835-RA
2806	Sap_SHI06627-RA
2806	Sap_SHI07211-RA
2807	Sap_SHI07181-RA
2808	Sap_SHI02595-RA
2808	Sap_SHI02596-RA
2809	Sap_SHI47607-RA
2809	Sap_SHI47732-RA
2810	Sap_SHI04490-RA
2811	Sap_SHI13483-RA
2812	Sap_SHI29283-RA
2813	Sap_SHI18549-RA
2814	Sap_SHI00749-RA
2815	Sap_SHI18768-RA
2817	Sap_SHI17030-RA
2817	Sap_SHI17023-RA
2817	Sap_SHI17025-RA
2817	Sap_SHI17029-RA
2818	Sap_SHI06157-RA
2819	Sap_SHI02890-RA
2820	Sap_SHI05633-RA
2821	Sap_SHI06951-RA
2822	Sap_SHI02834-RA
2824	Sap_SHI18785-RA
2825	Sap_SHI51033-RA
2825	Sap_SHI51683-RA
2826	Sap_SHI22482-RA
2827	Sap_SHI08141-RA
2828	Sap_SHI06111-RA
2831	Sap_SHI28640-RA
2832	Sap_SHI17871-RA
2834	Sap_SHI10497-RA
2835	Sap_SHI18224-RA
2836	Sap_SHI09680-RA
2836	Sap_SHI09679-RA
2836	Sap_SHI09685-RA
2836	Sap_SHI09684-RA
2837	Sap_SHI14168-RA
2837	Sap_SHI14167-RA
2838	Sap_SHI20666-RA
2839	Sap_SHI05569-RA
284	Sap_SHI02947-RA
2840	Sap_SHI10916-RA
2841	Sap_SHI17891-RA
2841	Sap_SHI32754-RA
2842	Sap_SHI11614-RA
2843	Sap_SHI14564-RA
2845	Sap_SHI38348-RA
2846	Sap_SHI19116-RA
2847	Sap_SHI16720-RA
2848	Sap_SHI00007-RA
285	Sap_SHI14419-RA
285	Sap_SHI14425-RA
2850	Sap_SHI26589-RA
2852	Sap_SHI02844-RA
2854	Sap_SHI32911-RA
2856	Sap_SHI34589-RA
286	Sap_SHI08896-RA
286	Sap_SHI08895-RA
286	Sap_SHI08894-RA
2860	Sap_SHI29465-RA
2861	Sap_SHI26300-RA
2862	Sap_SHI22478-RA
2863	Sap_SHI09276-RA
2864	Sap_SHI33681-RA
2866	Sap_SHI26624-RA
2867	Sap_SHI08308-RA
2868	Sap_SHI21953-RA
2869	Sap_SHI12136-RA
287	Sap_SHI28437-RA
2871	Sap_SHI27922-RA
2872	Sap_SHI19387-RA
2872	Sap_SHI19385-RA
2874	Sap_SHI17708-RA
2876	Sap_SHI19063-RA
2876	Sap_SHI19064-RA
2877	Sap_SHI16471-RA
2878	Sap_SHI24461-RA
2879	Sap_SHI08539-RA
2880	Sap_SHI05673-RA
2881	Sap_SHI21126-RA
2882	Sap_SHI03903-RA
2883	Sap_SHI27918-RA
2884	Sap_SHI30444-RA
2886	Sap_SHI27131-RA
2887	Sap_SHI11431-RA
2888	Sap_SHI02219-RA
2889	Sap_SHI19134-RA
289	Sap_SHI01876-RA
2890	Sap_SHI02287-RA
2892	Sap_SHI08975-RA
2894	Sap_SHI12968-RA
2894	Sap_SHI35657-RA
2895	Sap_SHI51348-RA
2897	Sap_SHI31875-RA
2897	Sap_SHI31874-RA
2898	Sap_SHI09576-RA
2899	Sap_SHI13762-RA
290	Sap_SHI22982-RA
2901	Sap_SHI10214-RA
2902	Sap_SHI16506-RA
2903	Sap_SHI09047-RA
2904	Sap_SHI09095-RA
2904	Sap_SHI09092-RA
2905	Sap_SHI11231-RA
2907	Sap_SHI03524-RA
2909	Sap_SHI08785-RA
291	Sap_SHI27780-RA
2910	Sap_SHI09286-RA
2911	Sap_SHI31308-RA
2911	Sap_SHI46697-RA
2911	Sap_SHI49169-RA
2911	Sap_SHI51060-RA
2912	Sap_SHI13498-RA
2914	Sap_SHI27471-RA
2915	Sap_SHI25242-RA
2916	Sap_SHI06019-RA
2917	Sap_SHI29944-RA
2918	Sap_SHI25712-RA
2919	Sap_SHI11414-RA
292	Sap_SHI25493-RA
292	Sap_SHI25497-RA
2921	Sap_SHI00426-RA
2922	Sap_SHI09062-RA
2923	Sap_SHI19380-RA
2924	Sap_SHI21536-RA
2924	Sap_SHI21529-RA
2926	Sap_SHI24449-RA
2926	Sap_SHI24450-RA
2927	Sap_SHI28008-RA
2927	Sap_SHI17133-RA
2928	Sap_SHI18090-RA
293	Sap_SHI28900-RA
293	Sap_SHI28898-RA
2931	Sap_SHI24899-RA
2932	Sap_SHI23815-RA
2933	Sap_SHI00033-RA
2933	Sap_SHI00034-RA
2934	Sap_SHI04332-RA
2935	Sap_SHI00033-RA
2935	Sap_SHI00034-RA
2936	Sap_SHI28008-RA
2936	Sap_SHI17133-RA
2937	Sap_SHI13129-RA
2938	Sap_SHI05290-RA
294	Sap_SHI32766-RA
2940	Sap_SHI18569-RA
2941	Sap_SHI32671-RA
2943	Sap_SHI26325-RA
2943	Sap_SHI26322-RA
2946	Sap_SHI10752-RA
2947	Sap_SHI25234-RA
2948	Sap_SHI29495-RA
2950	Sap_SHI20494-RA
2951	Sap_SHI33984-RA
2952	Sap_SHI21982-RA
2954	Sap_SHI09018-RA
2956	Sap_SHI19594-RA
2957	Sap_SHI21791-RA
2959	Sap_SHI30492-RA
296	Sap_SHI02082-RA
2960	Sap_SHI16100-RA
2962	Sap_SHI19379-RA
2962	Sap_SHI20990-RA
2964	Sap_SHI08053-RA
2965	Sap_SHI20123-RA
2966	Sap_SHI05303-RA
2967	Sap_SHI28814-RA
2968	Sap_SHI00617-RA
2968	Sap_SHI00618-RA
2969	Sap_SHI19771-RA
2969	Sap_SHI19769-RA
297	Sap_SHI34931-RA
2970	Sap_SHI12490-RA
2976	Sap_SHI09978-RA
298	Sap_SHI08479-RA
2981	Sap_SHI04416-RA
2981	Sap_SHI04424-RA
2983	Sap_SHI28311-RA
2985	Sap_SHI16661-RA
2987	Sap_SHI12384-RA
2990	Sap_SHI18766-RA
2991	Sap_SHI11765-RA
2994	Sap_SHI18026-RA
2995	Sap_SHI14041-RA
2997	Sap_SHI03799-RA
2998	Sap_SHI06961-RA
2999	Sap_SHI18398-RA
3	Sap_SHI02513-RA
3	Sap_SHI02512-RA
3	Sap_SHI02510-RA
3	Sap_SHI02511-RA
30	Sap_SHI26481-RA
3000	Sap_SHI14331-RA
3001	Sap_SHI12762-RA
3002	Sap_SHI07626-RA
3003	Sap_SHI06444-RA
3005	Sap_SHI08922-RA
3006	Sap_SHI02889-RA
3009	Sap_SHI26568-RA
3010	Sap_SHI05400-RA
3013	Sap_SHI08972-RA
3014	Sap_SHI27017-RA
3016	Sap_SHI12934-RA
3017	Sap_SHI02913-RA
3018	Sap_SHI18795-RA
302	Sap_SHI04960-RA
3020	Sap_SHI10530-RA
3022	Sap_SHI08053-RA
3023	Sap_SHI08738-RA
3024	Sap_SHI03287-RA
3025	Sap_SHI04150-RA
3026	Sap_SHI22415-RA
3029	Sap_SHI10527-RA
303	Sap_SHI00285-RA
3030	Sap_SHI21407-RA
3031	Sap_SHI05688-RA
3032	Sap_SHI20290-RA
3033	Sap_SHI34251-RA
3036	Sap_SHI24554-RA
3037	Sap_SHI26521-RA
3038	Sap_SHI08453-RA
3039	Sap_SHI08094-RA
304	Sap_SHI02253-RA
3040	Sap_SHI01587-RA
3040	Sap_SHI39613-RA
3040	Sap_SHI38625-RA
3040	Sap_SHI30009-RA
3040	Sap_SHI36157-RA
3040	Sap_SHI16969-RA
3040	Sap_SHI38661-RA
3040	Sap_SHI36219-RA
3040	Sap_SHI40500-RA
3040	Sap_SHI31449-RA
3040	Sap_SHI36263-RA
3040	Sap_SHI36491-RA
3040	Sap_SHI36277-RA
3040	Sap_SHI39034-RA
3040	Sap_SHI44100-RA
3040	Sap_SHI35748-RA
3040	Sap_SHI36456-RA
3040	Sap_SHI38128-RA
3040	Sap_SHI39649-RA
3040	Sap_SHI20724-RA
3040	Sap_SHI41338-RA
3040	Sap_SHI28381-RA
3040	Sap_SHI08058-RA
3041	Sap_SHI10909-RA
3042	Sap_SHI00715-RA
3043	Sap_SHI12591-RA
3044	Sap_SHI12839-RA
3046	Sap_SHI12072-RA
3047	Sap_SHI10163-RA
3049	Sap_SHI08647-RA
305	Sap_SHI26374-RA
3050	Sap_SHI19065-RA
3053	Sap_SHI10433-RA
3055	Sap_SHI05425-RA
3056	Sap_SHI18793-RA
3058	Sap_SHI08308-RA
3059	Sap_SHI11081-RA
306	Sap_SHI04994-RA
306	Sap_SHI04996-RA
3060	Sap_SHI18793-RA
3061	Sap_SHI07085-RA
3061	Sap_SHI07088-RA
3062	Sap_SHI13355-RA
3067	Sap_SHI27589-RA
3069	Sap_SHI17928-RA
307	Sap_SHI17159-RA
3070	Sap_SHI24405-RA
3072	Sap_SHI00228-RA
3073	Sap_SHI15014-RA
3074	Sap_SHI11422-RA
3075	Sap_SHI02375-RA
3077	Sap_SHI02000-RA
3077	Sap_SHI02002-RA
3078	Sap_SHI07136-RA
308	Sap_SHI33189-RA
3081	Sap_SHI04594-RA
3081	Sap_SHI04593-RA
3085	Sap_SHI45632-RA
3086	Sap_SHI16328-RA
3086	Sap_SHI16330-RA
3088	Sap_SHI31757-RA
3088	Sap_SHI31754-RA
3088	Sap_SHI31755-RA
309	Sap_SHI31106-RA
311	Sap_SHI26588-RA
313	Sap_SHI02947-RA
315	Sap_SHI12568-RA
318	Sap_SHI08582-RA
319	Sap_SHI09414-RA
320	Sap_SHI13633-RA
321	Sap_SHI02103-RA
322	Sap_SHI05071-RA
323	Sap_SHI26565-RA
325	Sap_SHI07213-RA
326	Sap_SHI11585-RA
327	Sap_SHI13437-RA
331	Sap_SHI13475-RA
332	Sap_SHI03465-RA
334	Sap_SHI23917-RA
334	Sap_SHI23919-RA
336	Sap_SHI18740-RA
337	Sap_SHI29874-RA
338	Sap_SHI24480-RA
339	Sap_SHI02449-RA
339	Sap_SHI02453-RA
34	Sap_SHI16537-RA
340	Sap_SHI08063-RA
340	Sap_SHI08064-RA
341	Sap_SHI05762-RA
344	Sap_SHI32668-RA
345	Sap_SHI31781-RA
346	Sap_SHI17729-RA
349	Sap_SHI06871-RA
35	Sap_SHI00123-RA
350	Sap_SHI26204-RA
352	Sap_SHI14597-RA
355	Sap_SHI08728-RA
356	Sap_SHI23793-RA
357	Sap_SHI28305-RA
358	Sap_SHI07452-RA
359	Sap_SHI09350-RA
359	Sap_SHI09353-RA
359	Sap_SHI09349-RA
36	Sap_SHI35313-RA
36	Sap_SHI03367-RA
36	Sap_SHI35314-RA
361	Sap_SHI34921-RA
364	Sap_SHI31903-RA
364	Sap_SHI31904-RA
365	Sap_SHI20695-RA
366	Sap_SHI29900-RA
366	Sap_SHI29901-RA
367	Sap_SHI18817-RA
367	Sap_SHI11396-RA
369	Sap_SHI21113-RA
37	Sap_SHI04172-RA
371	Sap_SHI47169-RA
371	Sap_SHI02733-RA
373	Sap_SHI26082-RA
374	Sap_SHI06942-RA
375	Sap_SHI14903-RA
376	Sap_SHI08056-RA
377	Sap_SHI07894-RA
378	Sap_SHI39094-RA
379	Sap_SHI06999-RA
381	Sap_SHI18305-RA
382	Sap_SHI09938-RA
383	Sap_SHI13371-RA
385	Sap_SHI24590-RA
386	Sap_SHI11291-RA
387	Sap_SHI12648-RA
388	Sap_SHI13756-RA
389	Sap_SHI11514-RA
390	Sap_SHI14003-RA
390	Sap_SHI14004-RA
391	Sap_SHI14614-RA
392	Sap_SHI31451-RA
392	Sap_SHI31456-RA
393	Sap_SHI16717-RA
394	Sap_SHI17323-RA
395	Sap_SHI09300-RA
396	Sap_SHI26461-RA
396	Sap_SHI27705-RA
399	Sap_SHI10236-RA
399	Sap_SHI10235-RA
4	Sap_SHI10390-RA
40	Sap_SHI18578-RA
400	Sap_SHI11389-RA
400	Sap_SHI11387-RA
401	Sap_SHI23847-RA
402	Sap_SHI11455-RA
402	Sap_SHI11459-RA
403	Sap_SHI10610-RA
404	Sap_SHI14145-RA
406	Sap_SHI02689-RA
407	Sap_SHI28988-RA
407	Sap_SHI28983-RA
409	Sap_SHI30095-RA
41	Sap_SHI04805-RA
410	Sap_SHI22427-RA
411	Sap_SHI09613-RA
411	Sap_SHI09612-RA
412	Sap_SHI08997-RA
413	Sap_SHI19221-RA
414	Sap_SHI03475-RA
415	Sap_SHI13963-RA
415	Sap_SHI13961-RA
416	Sap_SHI04175-RA
418	Sap_SHI24924-RA
419	Sap_SHI04828-RA
42	Sap_SHI30665-RA
42	Sap_SHI30664-RA
42	Sap_SHI23456-RA
42	Sap_SHI30666-RA
420	Sap_SHI14937-RA
421	Sap_SHI28796-RA
422	Sap_SHI15868-RA
423	Sap_SHI29125-RA
424	Sap_SHI22231-RA
424	Sap_SHI22228-RA
425	Sap_SHI34541-RA
428	Sap_SHI08082-RA
429	Sap_SHI18738-RA
43	Sap_SHI08944-RA
430	Sap_SHI27907-RA
430	Sap_SHI27908-RA
432	Sap_SHI03989-RA
433	Sap_SHI14408-RA
433	Sap_SHI14405-RA
434	Sap_SHI00061-RA
435	Sap_SHI13607-RA
436	Sap_SHI27742-RA
438	Sap_SHI26505-RA
439	Sap_SHI13543-RA
44	Sap_SHI16565-RA
441	Sap_SHI00200-RA
441	Sap_SHI00201-RA
442	Sap_SHI12358-RA
442	Sap_SHI50428-RA
443	Sap_SHI04817-RA
444	Sap_SHI26631-RA
445	Sap_SHI24959-RA
447	Sap_SHI05294-RA
448	Sap_SHI08024-RA
449	Sap_SHI10354-RA
449	Sap_SHI10353-RA
45	Sap_SHI03016-RA
450	Sap_SHI14842-RA
450	Sap_SHI14845-RA
451	Sap_SHI16700-RA
452	Sap_SHI04358-RA
453	Sap_SHI24488-RA
454	Sap_SHI23796-RA
454	Sap_SHI23794-RA
456	Sap_SHI00537-RA
456	Sap_SHI00535-RA
457	Sap_SHI12624-RA
457	Sap_SHI29092-RA
458	Sap_SHI30368-RA
458	Sap_SHI30369-RA
459	Sap_SHI28998-RA
46	Sap_SHI31081-RA
461	Sap_SHI01114-RA
461	Sap_SHI01116-RA
461	Sap_SHI01117-RA
462	Sap_SHI10255-RA
462	Sap_SHI10300-RA
463	Sap_SHI16745-RA
464	Sap_SHI32227-RA
465	Sap_SHI11434-RA
466	Sap_SHI11508-RA
467	Sap_SHI19239-RA
467	Sap_SHI19242-RA
467	Sap_SHI19243-RA
468	Sap_SHI03693-RA
469	Sap_SHI01276-RA
47	Sap_SHI10578-RA
470	Sap_SHI12819-RA
471	Sap_SHI08009-RA
471	Sap_SHI28632-RA
474	Sap_SHI11477-RA
478	Sap_SHI11215-RA
479	Sap_SHI26762-RA
48	Sap_SHI27064-RA
480	Sap_SHI26530-RA
481	Sap_SHI04173-RA
481	Sap_SHI34911-RA
481	Sap_SHI45395-RA
481	Sap_SHI45716-RA
481	Sap_SHI51106-RA
481	Sap_SHI34912-RA
481	Sap_SHI39004-RA
481	Sap_SHI42567-RA
481	Sap_SHI53748-RA
481	Sap_SHI39007-RA
481	Sap_SHI47079-RA
481	Sap_SHI50333-RA
481	Sap_SHI39005-RA
481	Sap_SHI52879-RA
481	Sap_SHI47080-RA
481	Sap_SHI45052-RA
481	Sap_SHI50603-RA
481	Sap_SHI38854-RA
481	Sap_SHI38855-RA
481	Sap_SHI49274-RA
483	Sap_SHI27993-RA
485	Sap_SHI04445-RA
486	Sap_SHI19233-RA
487	Sap_SHI11674-RA
488	Sap_SHI21063-RA
490	Sap_SHI05961-RA
492	Sap_SHI10559-RA
493	Sap_SHI07761-RA
494	Sap_SHI10412-RA
495	Sap_SHI29533-RA
496	Sap_SHI11362-RA
497	Sap_SHI29738-RA
498	Sap_SHI07141-RA
5	Sap_SHI10204-RA
500	Sap_SHI18207-RA
502	Sap_SHI17121-RA
503	Sap_SHI05838-RA
506	Sap_SHI30382-RA
506	Sap_SHI30381-RA
507	Sap_SHI06150-RA
508	Sap_SHI21064-RA
509	Sap_SHI02721-RA
509	Sap_SHI02720-RA
51	Sap_SHI02574-RA
51	Sap_SHI31198-RA
51	Sap_SHI07618-RA
51	Sap_SHI38291-RA
51	Sap_SHI32502-RA
51	Sap_SHI27610-RA
51	Sap_SHI14857-RA
510	Sap_SHI23843-RA
513	Sap_SHI11384-RA
514	Sap_SHI01121-RA
514	Sap_SHI01122-RA
515	Sap_SHI18609-RA
516	Sap_SHI15671-RA
516	Sap_SHI23353-RA
516	Sap_SHI29318-RA
516	Sap_SHI31213-RA
516	Sap_SHI24462-RA
517	Sap_SHI19164-RA
518	Sap_SHI20583-RA
519	Sap_SHI06416-RA
520	Sap_SHI33818-RA
521	Sap_SHI19249-RA
523	Sap_SHI35828-RA
523	Sap_SHI40304-RA
523	Sap_SHI48498-RA
523	Sap_SHI47177-RA
523	Sap_SHI41530-RA
523	Sap_SHI43371-RA
523	Sap_SHI46683-RA
524	Sap_SHI17905-RA
527	Sap_SHI28530-RA
528	Sap_SHI13677-RA
529	Sap_SHI18558-RA
53	Sap_SHI13345-RA
53	Sap_SHI13346-RA
53	Sap_SHI13343-RA
530	Sap_SHI31109-RA
531	Sap_SHI08374-RA
532	Sap_SHI02848-RA
533	Sap_SHI11672-RA
535	Sap_SHI33348-RA
536	Sap_SHI13329-RA
539	Sap_SHI28323-RA
54	Sap_SHI22514-RA
540	Sap_SHI19396-RA
541	Sap_SHI18533-RA
543	Sap_SHI29083-RA
545	Sap_SHI30493-RA
546	Sap_SHI10738-RA
546	Sap_SHI10737-RA
547	Sap_SHI09476-RA
547	Sap_SHI09486-RA
548	Sap_SHI08673-RA
549	Sap_SHI13678-RA
549	Sap_SHI13680-RA
55	Sap_SHI03987-RA
551	Sap_SHI21962-RA
551	Sap_SHI21956-RA
553	Sap_SHI05567-RA
555	Sap_SHI07769-RA
555	Sap_SHI07768-RA
557	Sap_SHI09686-RA
558	Sap_SHI11229-RA
559	Sap_SHI18097-RA
56	Sap_SHI00671-RA
560	Sap_SHI13814-RA
561	Sap_SHI03377-RA
563	Sap_SHI03485-RA
565	Sap_SHI00413-RA
566	Sap_SHI13388-RA
567	Sap_SHI21302-RA
569	Sap_SHI10383-RA
57	Sap_SHI15636-RA
57	Sap_SHI15643-RA
572	Sap_SHI02174-RA
574	Sap_SHI00424-RA
576	Sap_SHI25517-RA
579	Sap_SHI07343-RA
58	Sap_SHI27969-RA
580	Sap_SHI14298-RA
581	Sap_SHI13749-RA
583	Sap_SHI02962-RA
584	Sap_SHI22399-RA
585	Sap_SHI12714-RA
586	Sap_SHI26317-RA
587	Sap_SHI05878-RA
587	Sap_SHI07278-RA
587	Sap_SHI05880-RA
588	Sap_SHI02700-RA
588	Sap_SHI02703-RA
588	Sap_SHI02699-RA
59	Sap_SHI20682-RA
592	Sap_SHI05868-RA
592	Sap_SHI05866-RA
592	Sap_SHI05867-RA
593	Sap_SHI04626-RA
594	Sap_SHI00178-RA
594	Sap_SHI00990-RA
594	Sap_SHI01607-RA
594	Sap_SHI07300-RA
594	Sap_SHI34648-RA
595	Sap_SHI30748-RA
596	Sap_SHI23057-RA
597	Sap_SHI47160-RA
598	Sap_SHI03098-RA
599	Sap_SHI06188-RA
6	Sap_SHI08560-RA
60	Sap_SHI13905-RA
600	Sap_SHI25464-RA
601	Sap_SHI11189-RA
602	Sap_SHI02792-RA
602	Sap_SHI02791-RA
603	Sap_SHI13726-RA
604	Sap_SHI05149-RA
605	Sap_SHI02454-RA
606	Sap_SHI28653-RA
606	Sap_SHI28651-RA
608	Sap_SHI30551-RA
609	Sap_SHI00253-RA
609	Sap_SHI00252-RA
61	Sap_SHI10835-RA
610	Sap_SHI02468-RA
611	Sap_SHI02790-RA
612	Sap_SHI12767-RA
613	Sap_SHI37244-RA
614	Sap_SHI12778-RA
615	Sap_SHI48584-RA
615	Sap_SHI13830-RA
617	Sap_SHI00275-RA
619	Sap_SHI04940-RA
62	Sap_SHI09971-RA
621	Sap_SHI03672-RA
622	Sap_SHI04894-RA
622	Sap_SHI04893-RA
622	Sap_SHI04896-RA
623	Sap_SHI06997-RA
624	Sap_SHI05735-RA
627	Sap_SHI22412-RA
628	Sap_SHI31292-RA
628	Sap_SHI31291-RA
629	Sap_SHI11316-RA
631	Sap_SHI39226-RA
632	Sap_SHI24500-RA
634	Sap_SHI13641-RA
636	Sap_SHI03441-RA
636	Sap_SHI25258-RA
638	Sap_SHI24313-RA
639	Sap_SHI09072-RA
640	Sap_SHI08168-RA
641	Sap_SHI17676-RA
642	Sap_SHI14791-RA
643	Sap_SHI17738-RA
644	Sap_SHI03076-RA
644	Sap_SHI03077-RA
645	Sap_SHI02825-RA
646	Sap_SHI30126-RA
646	Sap_SHI30124-RA
647	Sap_SHI18626-RA
648	Sap_SHI34040-RA
649	Sap_SHI08131-RA
65	Sap_SHI21395-RA
650	Sap_SHI04277-RA
652	Sap_SHI09056-RA
652	Sap_SHI09054-RA
653	Sap_SHI08425-RA
653	Sap_SHI08426-RA
654	Sap_SHI13387-RA
656	Sap_SHI02893-RA
657	Sap_SHI12596-RA
658	Sap_SHI21179-RA
659	Sap_SHI23170-RA
66	Sap_SHI12919-RA
661	Sap_SHI27213-RA
662	Sap_SHI22928-RA
663	Sap_SHI16520-RA
666	Sap_SHI10262-RA
667	Sap_SHI13727-RA
668	Sap_SHI21060-RA
669	Sap_SHI19196-RA
670	Sap_SHI14848-RA
671	Sap_SHI09721-RA
672	Sap_SHI18081-RA
673	Sap_SHI03613-RA
674	Sap_SHI10034-RA
676	Sap_SHI09902-RA
677	Sap_SHI13858-RA
679	Sap_SHI03103-RA
679	Sap_SHI03102-RA
679	Sap_SHI03101-RA
68	Sap_SHI09058-RA
680	Sap_SHI04219-RA
681	Sap_SHI28208-RA
681	Sap_SHI28207-RA
682	Sap_SHI18604-RA
684	Sap_SHI03439-RA
685	Sap_SHI00370-RA
685	Sap_SHI00369-RA
686	Sap_SHI08313-RA
687	Sap_SHI02443-RA
687	Sap_SHI54648-RA
687	Sap_SHI54754-RA
689	Sap_SHI07333-RA
691	Sap_SHI08877-RA
691	Sap_SHI19890-RA
693	Sap_SHI32841-RA
694	Sap_SHI11417-RA
695	Sap_SHI08524-RA
696	Sap_SHI13985-RA
697	Sap_SHI11688-RA
699	Sap_SHI28229-RA
699	Sap_SHI32751-RA
70	Sap_SHI00671-RA
700	Sap_SHI11386-RA
701	Sap_SHI01719-RA
702	Sap_SHI14147-RA
704	Sap_SHI00825-RA
704	Sap_SHI38429-RA
704	Sap_SHI15221-RA
704	Sap_SHI22734-RA
704	Sap_SHI21329-RA
704	Sap_SHI27726-RA
704	Sap_SHI31683-RA
704	Sap_SHI49907-RA
704	Sap_SHI18477-RA
704	Sap_SHI48927-RA
704	Sap_SHI02954-RA
704	Sap_SHI21252-RA
704	Sap_SHI50706-RA
704	Sap_SHI29368-RA
704	Sap_SHI12396-RA
704	Sap_SHI48034-RA
704	Sap_SHI50680-RA
704	Sap_SHI50228-RA
704	Sap_SHI50651-RA
704	Sap_SHI22082-RA
704	Sap_SHI32568-RA
704	Sap_SHI34736-RA
704	Sap_SHI50491-RA
704	Sap_SHI03434-RA
704	Sap_SHI36655-RA
704	Sap_SHI31989-RA
704	Sap_SHI04715-RA
704	Sap_SHI45023-RA
704	Sap_SHI12161-RA
704	Sap_SHI45198-RA
704	Sap_SHI50289-RA
704	Sap_SHI19052-RA
704	Sap_SHI20091-RA
704	Sap_SHI22499-RA
704	Sap_SHI51662-RA
704	Sap_SHI32107-RA
704	Sap_SHI00855-RA
704	Sap_SHI23226-RA
704	Sap_SHI42427-RA
704	Sap_SHI47059-RA
704	Sap_SHI36014-RA
704	Sap_SHI49771-RA
704	Sap_SHI23545-RA
704	Sap_SHI11546-RA
704	Sap_SHI17604-RA
704	Sap_SHI23734-RA
704	Sap_SHI15762-RA
704	Sap_SHI01632-RA
704	Sap_SHI34947-RA
704	Sap_SHI09697-RA
704	Sap_SHI16558-RA
704	Sap_SHI15886-RA
704	Sap_SHI24738-RA
704	Sap_SHI20157-RA
704	Sap_SHI01687-RA
704	Sap_SHI27587-RA
704	Sap_SHI53701-RA
704	Sap_SHI54185-RA
704	Sap_SHI44865-RA
704	Sap_SHI47163-RA
704	Sap_SHI19723-RA
704	Sap_SHI50536-RA
704	Sap_SHI37572-RA
704	Sap_SHI45438-RA
704	Sap_SHI19852-RA
704	Sap_SHI09856-RA
704	Sap_SHI14599-RA
704	Sap_SHI32617-RA
704	Sap_SHI37741-RA
704	Sap_SHI20281-RA
704	Sap_SHI16809-RA
704	Sap_SHI07881-RA
704	Sap_SHI29471-RA
704	Sap_SHI25304-RA
704	Sap_SHI35825-RA
704	Sap_SHI27538-RA
704	Sap_SHI47058-RA
704	Sap_SHI27065-RA
704	Sap_SHI50730-RA
704	Sap_SHI50837-RA
704	Sap_SHI42425-RA
704	Sap_SHI34280-RA
704	Sap_SHI06865-RA
704	Sap_SHI14737-RA
704	Sap_SHI10628-RA
704	Sap_SHI08047-RA
704	Sap_SHI41486-RA
704	Sap_SHI53632-RA
704	Sap_SHI13269-RA
704	Sap_SHI37181-RA
704	Sap_SHI20519-RA
704	Sap_SHI15633-RA
704	Sap_SHI25986-RA
704	Sap_SHI38912-RA
704	Sap_SHI52029-RA
704	Sap_SHI49925-RA
704	Sap_SHI50134-RA
704	Sap_SHI46035-RA
704	Sap_SHI11547-RA
704	Sap_SHI16150-RA
704	Sap_SHI50585-RA
704	Sap_SHI33966-RA
704	Sap_SHI47009-RA
704	Sap_SHI50591-RA
704	Sap_SHI18370-RA
704	Sap_SHI12193-RA
704	Sap_SHI48406-RA
704	Sap_SHI26149-RA
704	Sap_SHI11768-RA
704	Sap_SHI14677-RA
704	Sap_SHI20168-RA
704	Sap_SHI37949-RA
704	Sap_SHI40358-RA
704	Sap_SHI15544-RA
704	Sap_SHI53439-RA
704	Sap_SHI47045-RA
704	Sap_SHI48419-RA
704	Sap_SHI47201-RA
704	Sap_SHI51464-RA
704	Sap_SHI31002-RA
704	Sap_SHI47005-RA
704	Sap_SHI49478-RA
704	Sap_SHI50362-RA
704	Sap_SHI36770-RA
704	Sap_SHI38677-RA
704	Sap_SHI40090-RA
704	Sap_SHI38660-RA
704	Sap_SHI50099-RA
705	Sap_SHI13440-RA
705	Sap_SHI13441-RA
707	Sap_SHI11516-RA
709	Sap_SHI37414-RA
71	Sap_SHI09688-RA
710	Sap_SHI22875-RA
711	Sap_SHI12213-RA
713	Sap_SHI06928-RA
714	Sap_SHI23489-RA
715	Sap_SHI04030-RA
717	Sap_SHI22757-RA
718	Sap_SHI19246-RA
719	Sap_SHI28087-RA
719	Sap_SHI28089-RA
72	Sap_SHI32731-RA
720	Sap_SHI02340-RA
721	Sap_SHI04867-RA
725	Sap_SHI31071-RA
726	Sap_SHI18856-RA
726	Sap_SHI18861-RA
727	Sap_SHI11218-RA
729	Sap_SHI16610-RA
73	Sap_SHI07711-RA
730	Sap_SHI13507-RA
731	Sap_SHI15149-RA
732	Sap_SHI31120-RA
734	Sap_SHI04067-RA
735	Sap_SHI02832-RA
736	Sap_SHI08889-RA
736	Sap_SHI08888-RA
737	Sap_SHI34759-RA
738	Sap_SHI21295-RA
738	Sap_SHI21296-RA
739	Sap_SHI48756-RA
741	Sap_SHI06967-RA
743	Sap_SHI20184-RA
744	Sap_SHI13707-RA
746	Sap_SHI02395-RA
747	Sap_SHI14156-RA
75	Sap_SHI16015-RA
752	Sap_SHI34304-RA
755	Sap_SHI00733-RA
757	Sap_SHI02972-RA
758	Sap_SHI04354-RA
758	Sap_SHI04351-RA
759	Sap_SHI30092-RA
76	Sap_SHI11539-RA
763	Sap_SHI28910-RA
764	Sap_SHI19247-RA
765	Sap_SHI17870-RA
769	Sap_SHI04073-RA
770	Sap_SHI00268-RA
773	Sap_SHI13822-RA
773	Sap_SHI35854-RA
779	Sap_SHI16636-RA
780	Sap_SHI10005-RA
781	Sap_SHI30472-RA
782	Sap_SHI22407-RA
784	Sap_SHI20092-RA
786	Sap_SHI22715-RA
788	Sap_SHI24874-RA
789	Sap_SHI03190-RA
791	Sap_SHI23733-RA
794	Sap_SHI17756-RA
795	Sap_SHI31119-RA
796	Sap_SHI53076-RA
796	Sap_SHI21834-RA
797	Sap_SHI03266-RA
798	Sap_SHI29168-RA
799	Sap_SHI29496-RA
800	Sap_SHI05575-RA
800	Sap_SHI05574-RA
801	Sap_SHI32930-RA
803	Sap_SHI08216-RA
804	Sap_SHI25224-RA
804	Sap_SHI39590-RA
805	Sap_SHI01534-RA
805	Sap_SHI01533-RA
806	Sap_SHI17049-RA
808	Sap_SHI47701-RA
808	Sap_SHI48088-RA
808	Sap_SHI30050-RA
809	Sap_SHI28890-RA
81	Sap_SHI18095-RA
810	Sap_SHI00498-RA
811	Sap_SHI31289-RA
812	Sap_SHI27943-RA
813	Sap_SHI00180-RA
814	Sap_SHI48439-RA
817	Sap_SHI17429-RA
818	Sap_SHI52085-RA
82	Sap_SHI27170-RA
82	Sap_SHI33163-RA
821	Sap_SHI21081-RA
822	Sap_SHI22830-RA
824	Sap_SHI02877-RA
824	Sap_SHI20486-RA
825	Sap_SHI04904-RA
827	Sap_SHI22818-RA
827	Sap_SHI26986-RA
828	Sap_SHI05043-RA
829	Sap_SHI12362-RA
829	Sap_SHI12367-RA
83	Sap_SHI12540-RA
830	Sap_SHI03421-RA
831	Sap_SHI13302-RA
832	Sap_SHI19235-RA
833	Sap_SHI03137-RA
833	Sap_SHI03138-RA
834	Sap_SHI29157-RA
834	Sap_SHI29159-RA
836	Sap_SHI32269-RA
837	Sap_SHI03873-RA
838	Sap_SHI14385-RA
839	Sap_SHI00992-RA
84	Sap_SHI28318-RA
840	Sap_SHI00049-RA
841	Sap_SHI13584-RA
843	Sap_SHI33895-RA
844	Sap_SHI24890-RA
845	Sap_SHI02914-RA
845	Sap_SHI02915-RA
847	Sap_SHI10195-RA
848	Sap_SHI30442-RA
85	Sap_SHI19213-RA
850	Sap_SHI34292-RA
851	Sap_SHI39628-RA
851	Sap_SHI05064-RA
853	Sap_SHI00197-RA
854	Sap_SHI31121-RA
855	Sap_SHI10211-RA
856	Sap_SHI18043-RA
858	Sap_SHI01175-RA
859	Sap_SHI04272-RA
86	Sap_SHI00048-RA
861	Sap_SHI16598-RA
865	Sap_SHI04700-RA
866	Sap_SHI20705-RA
869	Sap_SHI01161-RA
87	Sap_SHI27755-RA
870	Sap_SHI29459-RA
873	Sap_SHI00489-RA
874	Sap_SHI24475-RA
876	Sap_SHI03532-RA
877	Sap_SHI21803-RA
878	Sap_SHI06474-RA
878	Sap_SHI06462-RA
879	Sap_SHI27910-RA
880	Sap_SHI25152-RA
882	Sap_SHI10531-RA
885	Sap_SHI11690-RA
886	Sap_SHI31745-RA
886	Sap_SHI31751-RA
887	Sap_SHI07126-RA
888	Sap_SHI20691-RA
889	Sap_SHI14075-RA
891	Sap_SHI18650-RA
892	Sap_SHI22872-RA
893	Sap_SHI27906-RA
895	Sap_SHI22364-RA
896	Sap_SHI05822-RA
897	Sap_SHI25645-RA
898	Sap_SHI19025-RA
9	Sap_SHI26106-RA
900	Sap_SHI24859-RA
901	Sap_SHI43297-RA
902	Sap_SHI21195-RA
904	Sap_SHI06544-RA
904	Sap_SHI44312-RA
904	Sap_SHI06543-RA
907	Sap_SHI02322-RA
908	Sap_SHI06081-RA
910	Sap_SHI29009-RA
911	Sap_SHI00439-RA
911	Sap_SHI00438-RA
912	Sap_SHI17848-RA
912	Sap_SHI17846-RA
914	Sap_SHI06917-RA
916	Sap_SHI00597-RA
917	Sap_SHI03368-RA
917	Sap_SHI03372-RA
918	Sap_SHI24497-RA
919	Sap_SHI04931-RA
920	Sap_SHI39626-RA
922	Sap_SHI17953-RA
924	Sap_SHI06936-RA
925	Sap_SHI06267-RA
926	Sap_SHI49491-RA
927	Sap_SHI27835-RA
928	Sap_SHI32261-RA
929	Sap_SHI13290-RA
93	Sap_SHI02239-RA
93	Sap_SHI02238-RA
93	Sap_SHI02233-RA
931	Sap_SHI07341-RA
933	Sap_SHI22736-RA
936	Sap_SHI02850-RA
937	Sap_SHI08596-RA
937	Sap_SHI08598-RA
937	Sap_SHI08600-RA
938	Sap_SHI04080-RA
939	Sap_SHI07965-RA
939	Sap_SHI07966-RA
94	Sap_SHI17961-RA
940	Sap_SHI27197-RA
940	Sap_SHI27198-RA
941	Sap_SHI08970-RA
942	Sap_SHI21074-RA
946	Sap_SHI17238-RA
947	Sap_SHI31837-RA
95	Sap_SHI04246-RA
951	Sap_SHI16431-RA
952	Sap_SHI14561-RA
953	Sap_SHI14335-RA
955	Sap_SHI25120-RA
956	Sap_SHI12965-RA
958	Sap_SHI07249-RA
96	Sap_SHI31869-RA
96	Sap_SHI50408-RA
960	Sap_SHI11900-RA
962	Sap_SHI14643-RA
963	Sap_SHI27675-RA
965	Sap_SHI13894-RA
965	Sap_SHI13892-RA
965	Sap_SHI13893-RA
968	Sap_SHI23481-RA
968	Sap_SHI23484-RA
968	Sap_SHI23485-RA
969	Sap_SHI09143-RA
97	Sap_SHI03902-RA
970	Sap_SHI02373-RA
973	Sap_SHI34084-RA
974	Sap_SHI11418-RA
977	Sap_SHI27223-RA
978	Sap_SHI09181-RA
979	Sap_SHI19508-RA
979	Sap_SHI01707-RA
979	Sap_SHI35364-RA
979	Sap_SHI33321-RA
979	Sap_SHI22445-RA
979	Sap_SHI23603-RA
979	Sap_SHI40703-RA
979	Sap_SHI46083-RA
979	Sap_SHI42702-RA
979	Sap_SHI50777-RA
979	Sap_SHI35821-RA
979	Sap_SHI43901-RA
979	Sap_SHI44501-RA
979	Sap_SHI36617-RA
979	Sap_SHI39588-RA
979	Sap_SHI47585-RA
979	Sap_SHI49276-RA
979	Sap_SHI40237-RA
979	Sap_SHI35879-RA
979	Sap_SHI36352-RA
979	Sap_SHI52638-RA
979	Sap_SHI53337-RA
979	Sap_SHI36754-RA
979	Sap_SHI51980-RA
979	Sap_SHI52101-RA
979	Sap_SHI23619-RA
979	Sap_SHI43245-RA
979	Sap_SHI51892-RA
979	Sap_SHI39180-RA
979	Sap_SHI48297-RA
979	Sap_SHI54237-RA
979	Sap_SHI48866-RA
979	Sap_SHI54747-RA
979	Sap_SHI51616-RA
979	Sap_SHI44825-RA
979	Sap_SHI47291-RA
979	Sap_SHI47752-RA
979	Sap_SHI45425-RA
98	Sap_SHI07143-RA
98	Sap_SHI07144-RA
980	Sap_SHI08162-RA
981	Sap_SHI13766-RA
983	Sap_SHI14114-RA
984	Sap_SHI28910-RA
985	Sap_SHI04968-RA
986	Sap_SHI31306-RA
987	Sap_SHI10467-RA
988	Sap_SHI25218-RA
990	Sap_SHI31315-RA
990	Sap_SHI31314-RA
991	Sap_SHI04876-RA
992	Sap_SHI22918-RA
992	Sap_SHI32337-RA
994	Sap_SHI13041-RA
994	Sap_SHI13040-RA
996	Sap_SHI25823-RA
999	Sap_SHI08395-RA
